year;city;population;violent;murder;rape;robbery;assault;property;burglary;larceny-theft;motor;arson
2016;Alameda;589;8;30;204;347;2,195;490;1,104;601;20;
2016;Butte;183;3;34;28;118;1,344;656;666;22;0;
2016;Contra Costa;347;9;25;108;205;1,485;505;957;23;20;
2016;El Dorado;291;1;53;37;200;2,085;512;1,534;39;5;
2016;Fresno;1,177;12;29;82;1,054;3,798;1,625;1,468;705;170;
2016;Imperial;161;2;8;12;139;453;129;298;26;9;
2016;Kern;2,403;44;177;443;1,739;10,44;3,161;5,109;2,17;281;
2016;Kings;157;4;16;16;121;426;164;236;26;4;
2016;Los Angeles;6,124;94;307;1,474;4,249;17,498;3,816;9,328;4,354;227;
2016;Madera;434;4;28;19;383;1,102;517;568;17;2;
2016;Marin;72;3;4;19;46;730;172;554;4;1;
2016;Merced;542;2;18;33;489;1,541;601;886;54;8;
2016;Monterey;286;11;18;54;203;1,377;303;1,041;33;11;
2016;Napa;61;0;7;8;46;270;93;175;2;0;
2016;Orange;229;0;20;30;179;1,123;213;765;145;11;
2016;Placer;261;1;33;34;193;1,539;471;1,04;28;8;
2016;Riverside;841;28;56;177;580;7,651;1,695;4,63;1,326;22;
2016;Sacramento;2,797;42;155;880;1,72;10,142;3,062;6,943;137;68;
2016;San Benito;39;1;6;4;28;126;64;52;10;1;
2016;San Bernardino;924;12;88;151;673;5,235;1,525;2,513;1,197;54;
2016;San Diego;1,422;29;115;206;1,072;4,617;1,131;2,656;830;26;
2016;San Joaquin;793;7;26;174;586;3,072;826;2,106;140;19;
2016;San Luis Obispo;356;0;21;16;319;1,384;441;920;23;10;
2016;San Mateo;298;1;57;64;176;2,843;454;2,089;300;9;
2016;Santa Barbara;265;4;49;32;180;1,639;476;1,146;17;7;
2016;Santa Clara;316;4;46;15;251;1,312;260;826;226;5;
2016;Santa Cruz;285;1;36;44;204;2,05;485;1,533;32;14;
2016;Shasta;519;5;58;22;434;962;451;471;40;23;
2016;Solano;92;1;2;17;72;312;115;139;58;9;
2016;Sonoma;583;3;91;48;441;1,45;494;937;19;12;
2016;Stanislaus;470;11;42;134;283;1,821;726;1,034;61;14;
2016;Sutter;88;1;7;6;74;618;235;329;54;2;
2016;Tulare3;350;19;28;62;241;2,074;756;1,318;0;1;
2016;Ventura;171;2;29;19;121;767;224;467;76;11;
2016;Yolo;56;0;8;7;41;248;69;158;21;4;
2016;Yuba;210;3;11;32;164;1,086;335;744;7;18;
2016;Alpine;6;0;0;0;6;34;7;26;1;0;
2016;Amador;53;0;6;8;39;371;142;225;4;3;
2016;Calaveras;169;3;26;16;124;535;183;341;11;0;
2016;Colusa;31;0;2;6;23;186;78;108;0;0;
2016;Del Norte;115;0;30;11;74;355;251;96;8;7;
2016;Glenn;34;1;0;1;32;159;60;96;3;1;
2016;Humboldt;265;9;22;57;177;773;366;385;22;4;
2016;Inyo;85;0;7;5;73;158;67;84;7;1;
2016;Lake;179;2;17;15;145;635;337;283;15;11;
2016;Lassen;43;1;4;2;36;202;87;114;1;0;
2016;Mariposa;80;0;12;1;67;217;53;161;3;0;
2016;Mendocino;346;7;42;19;278;477;246;228;3;5;
2016;Modoc;19;1;3;0;15;44;9;35;0;0;
2016;Mono;16;1;2;1;12;51;20;31;0;0;
2016;Nevada;80;5;4;5;66;697;285;395;17;3;
2016;Plumas;120;2;10;6;102;335;120;207;8;1;
2016;Sierra;14;0;0;0;14;26;8;18;0;1;
2016;Siskiyou;52;2;5;2;43;225;118;102;5;1;
2016;Tehama;163;3;6;12;142;371;235;130;6;2;
2016;Trinity;65;3;3;6;53;234;101;133;0;0;
2016;Tuolumne;159;1;45;9;104;737;350;377;10;6;
2017;Adelanto;33,693;238;2;28;48;160;578;190;290;98;13
2017;Agoura Hills;20,814;16;0;2;4;10;278;71;187;20;4
2017;Alameda;79,761;253;0;16;133;104;2,347;219;1,725;403;25
2017;Albany;19,88;36;0;1;28;7;523;77;383;63;3
2017;Alhambra;85,865;172;4;17;89;62;1,877;363;1,244;270;12
2017;Aliso Viejo;51,984;44;0;4;8;32;394;62;299;33;3
2017;Alturas;2,491;39;2;2;3;32;129;31;88;10;2
2017;American Canyon;20,593;49;0;5;14;30;413;85;272;56;2
2017;Anaheim;353,4;1,253;10;115;480;648;9,296;1,351;6,393;1,552;45
2017;Anderson;10,281;43;0;6;3;34;492;124;267;101;4
2017;Angels Camp;3,779;7;0;1;0;6;57;13;36;8;0
2017;Antioch;112,252;607;10;51;230;316;3,838;589;2,261;988;75
2017;Apple Valley;73,105;231;4;19;63;145;1,565;299;986;280;7
2017;Arcadia;58,883;110;0;7;56;47;1,534;485;957;92;0
2017;Arcata;18,054;64;1;7;20;36;705;107;487;111;17
2017;Arroyo Grande;18,239;32;0;3;5;24;311;53;226;32;2
2017;Artesia;16,933;103;2;2;31;68;460;153;236;71;2
2017;Arvin;21,39;229;6;8;23;192;453;72;242;139;5
2017;Atascadero;30,661;107;0;8;18;81;518;96;395;27;3
2017;Atherton;7,256;4;0;3;0;1;75;12;61;2;0
2017;Atwater;29,442;188;0;7;23;158;951;185;649;117;7
2017;Auburn;14,069;54;2;5;5;42;271;58;175;38;3
2017;Avalon;3,773;20;0;4;0;16;58;13;35;10;0
2017;Avenal;12,054;66;1;8;5;52;149;62;65;22;4
2017;Azusa;50,202;147;1;16;44;86;1,203;251;729;223;14
2017;Bakersfield;381,154;1,827;41;92;753;941;15,507;3,667;9,063;2,777;269
2017;Baldwin Park;76,636;348;3;26;89;230;1,405;290;788;327;6
2017;Banning;31,247;151;3;14;17;117;667;254;255;158;0
2017;Barstow;24,028;302;2;17;97;186;988;318;484;186;13
2017;Bear Valley;5,497;5;0;3;0;2;59;11;47;1;0
2017;Beaumont;46,856;182;1;18;19;144;872;195;561;116;2
2017;Bell;35,925;228;0;17;78;133;652;153;348;151;0
2017;Bellflower;77,984;363;5;16;158;184;1,988;418;1,065;505;13
2017;Bell Gardens;42,93;100;2;5;47;46;749;87;342;320;6
2017;Belmont;27,285;39;1;4;7;27;377;49;296;32;8
2017;Belvedere;2,131;0;0;0;0;0;11;0;11;0;0
2017;Benicia;28,37;28;0;6;12;10;472;129;273;70;1
2017;Berkeley;122,687;666;1;83;364;218;6,02;843;4,556;621;30
2017;Beverly Hills;34,781;118;0;10;50;58;1,819;402;1,318;99;6
2017;Big Bear;5,27;52;1;8;4;39;178;49;112;17;3
2017;Biggs;1,7;17;0;2;0;15;26;7;12;7;0
2017;Bishop;3,767;44;0;10;5;29;296;68;217;11;0
2017;Blythe;19,572;62;0;13;16;33;805;264;492;49;27
2017;Bradbury;1,084;1;0;0;1;0;7;3;4;0;0
2017;Brawley;26,342;176;0;11;12;153;892;146;680;66;16
2017;Brea;43;114;2;8;39;65;1,44;180;1,16;100;1
2017;Brentwood;62,12;157;0;11;45;101;1,489;273;1,084;132;5
2017;Brisbane;4,764;12;0;0;5;7;128;67;49;12;1
2017;Broadmoor;4,438;21;0;2;5;14;77;28;37;12;0
2017;Buellton;5,139;6;0;0;2;4;76;14;55;7;0
2017;Buena Park;83,552;292;1;9;96;186;2,814;299;2,115;400;15
2017;Burbank;104,622;253;0;20;86;147;2,944;355;2,344;245;16
2017;Burlingame;30,551;74;1;19;17;37;895;119;670;106;4
2017;Calabasas;24,295;30;0;14;9;7;330;63;248;19;2
2017;Calexico;40,499;89;0;3;21;65;1,28;486;581;213;38
2017;California City;13,753;88;1;3;16;68;341;180;122;39;2
2017;Calimesa;8,737;12;1;0;6;5;248;42;175;31;0
2017;Calistoga;5,336;9;0;0;0;9;79;25;46;8;0
2017;Camarillo;67,714;107;1;8;42;56;1,086;182;826;78;6
2017;Campbell;41,192;102;1;19;27;55;1,34;247;917;176;12
2017;Canyon Lake;11,227;16;0;0;0;16;115;22;65;28;2
2017;Capitola;10,222;34;1;5;14;14;622;50;540;32;6
2017;Carlsbad;115,344;247;0;30;46;171;2,209;432;1,638;139;18
2017;Carmel;3,918;6;0;1;1;4;111;33;77;1;0
2017;Carpinteria;13,791;34;0;5;10;19;282;58;195;29;1
2017;Carson;92,992;475;8;20;166;281;2,25;479;1,261;510;21
2017;Cathedral City;54,506;137;2;14;49;72;769;176;340;253;6
2017;Central Marin;35,06;46;1;8;15;22;892;252;599;41;1
2017;Ceres;48,673;227;1;20;75;131;1,601;314;879;408;10
2017;Cerritos;50,809;127;2;4;71;50;2,268;561;1,511;196;3
2017;Chico;92,459;413;2;85;63;263;3,593;531;2,615;447;157
2017;Chino;89,42;227;3;10;87;127;2,142;443;1,405;294;6
2017;Chino Hills;79,48;70;0;12;19;39;1,362;323;936;103;5
2017;Chowchilla;18,174;62;0;1;11;50;453;150;208;95;6
2017;Chula Vista;271,109;808;2;62;304;440;3,883;640;2,482;761;23
2017;Citrus Heights;88,126;349;2;50;102;195;2,782;462;1,964;356;11
2017;Claremont;36,246;74;0;9;30;35;940;279;593;68;6
2017;Clayton;12,173;8;0;0;5;3;113;14;91;8;0
2017;Clearlake;15,018;144;1;17;37;89;621;214;273;134;17
2017;Cloverdale;8,83;27;0;9;2;16;143;23;109;11;5
2017;Clovis;108,419;243;0;44;61;138;2,895;453;2,234;208;8
2017;Coachella;45,646;128;0;3;41;84;1,141;182;775;184;4
2017;Coalinga;16,371;124;0;9;10;105;210;50;147;13;3
2017;Colma;1,52;21;0;0;11;10;369;62;290;17;0
2017;Colton;55,127;245;4;6;115;120;1,439;264;828;347;7
2017;Colusa;5,93;5;0;1;3;1;91;26;52;13;0
2017;Commerce;12,994;106;1;6;40;59;1,174;131;698;345;4
2017;Compton;97,728;1,164;21;33;441;669;2,583;411;1,402;770;54
2017;Concord;129,789;462;5;63;163;231;4,419;448;3,212;759;27
2017;Corcoran;22,345;78;1;9;10;58;383;101;222;60;0
2017;Corning;7,511;25;0;1;5;19;286;79;172;35;2
2017;Corona;169,164;223;1;36;107;79;3,297;561;2,177;559;19
2017;Coronado;26,294;29;0;4;5;20;366;27;311;28;2
2017;Costa Mesa;113,267;361;1;61;128;171;4,298;620;3,158;520;12
2017;Cotati;7,485;49;0;6;7;36;94;18;62;14;0
2017;Covina;48,674;172;2;22;51;97;1,18;283;712;185;4
2017;Crescent City;6,529;38;0;0;11;27;228;30;192;6;1
2017;Cudahy;24,146;74;0;3;29;42;214;41;93;80;5
2017;Culver City;39,44;183;0;1;131;51;1,886;208;1,57;108;1
2017;Cupertino;60,97;77;2;9;21;45;970;164;756;50;10
2017;Cypress;49,064;69;0;5;21;43;726;142;495;89;3
2017;Daly City;107,355;265;0;52;90;123;1,561;202;1,156;203;12
2017;Dana Point;34,123;64;0;6;22;36;515;85;399;31;1
2017;Danville;45,088;16;0;1;6;9;353;55;272;26;2
2017;Davis;68,54;94;0;17;35;42;1,619;269;1,221;129;8
2017;Delano;52,639;248;6;10;32;200;1,314;219;647;448;39
2017;Del Mar;4,398;12;0;1;0;11;146;38;95;13;0
2017;Del Rey Oaks;1,694;1;0;0;1;0;57;16;36;5;0
2017;Desert Hot Springs;28,717;292;7;18;56;211;784;341;189;254;3
2017;Diamond Bar;56,996;57;0;5;25;27;1,043;381;592;70;2
2017;Dinuba;24,387;194;1;7;18;168;563;93;385;85;9
2017;Dixon;20,049;39;0;2;5;32;373;38;281;54;14
2017;Dorris;899;1;0;0;0;1;30;15;13;2;0
2017;Dos Palos;5,291;59;2;4;1;52;171;50;103;18;3
2017;Downey;113,511;382;3;23;182;174;3,222;591;1,866;765;9
2017;Duarte;21,877;64;2;2;18;42;352;72;225;55;2
2017;Dublin;62,235;85;0;9;23;53;1,195;117;970;108;1
2017;Dunsmuir;1,569;9;0;2;1;6;36;14;19;3;0
2017;East Palo Alto;29,933;125;0;14;60;51;466;96;293;77;8
2017;Eastvale;62,422;55;0;1;24;30;1,319;211;938;170;2
2017;El Cajon;104,447;429;1;48;163;217;2,33;414;1,502;414;12
2017;El Centro;44,458;185;4;15;45;121;1,82;409;1,285;126;11
2017;El Cerrito;25,704;168;1;2;93;72;1,341;164;1,1;77;5
2017;Elk Grove;172,62;560;3;39;99;419;2,245;366;1,668;211;6
2017;El Monte;116,168;451;5;43;183;220;2,816;687;1,431;698;13
2017;El Segundo;16,932;40;1;4;21;14;687;183;423;81;0
2017;Emeryville;11,971;151;1;5;105;40;2,084;66;1,833;185;6
2017;Encinitas;63,722;106;0;13;23;70;925;208;651;66;2
2017;Escalon;7,587;34;0;3;1;30;172;45;109;18;0
2017;Escondido;152,845;576;3;51;174;348;2,605;427;1,78;398;29
2017;Etna;713;2;0;0;0;2;3;1;1;1;0
2017;Eureka;27,23;244;2;31;85;126;1,4;285;888;227;27
2017;Exeter;10,533;24;1;4;6;13;239;55;152;32;1
2017;Fairfax;7,623;4;0;0;1;3;94;10;78;6;2
2017;Fairfield;116,372;546;10;40;181;315;3,252;545;2,174;533;32
2017;Farmersville;10,76;34;0;2;6;26;172;32;105;35;2
2017;Ferndale;1,372;2;0;1;0;1;15;1;12;2;0
2017;Fillmore;15,708;30;0;6;5;19;119;24;83;12;5
2017;Firebaugh;8,436;27;0;3;2;22;96;14;64;18;4
2017;Folsom;78,155;64;0;21;21;22;1,229;257;847;125;15
2017;Fontana;211,782;714;9;62;206;437;3,736;563;2,292;881;13
2017;Fort Bragg;7,289;47;1;7;2;37;341;59;262;20;1
2017;Fort Jones;684;2;0;0;0;2;7;3;4;0;0
2017;Fortuna;12,154;49;0;5;15;29;519;101;374;44;4
2017;Foster City;34,808;43;0;10;4;29;349;53;272;24;4
2017;Fountain Valley;56,704;68;0;3;28;37;1,581;238;1,199;144;3
2017;Fowler;6,475;22;0;4;0;18;101;48;35;18;1
2017;Fremont;236,368;431;2;68;187;174;5,083;673;3,545;865;26
2017;Fresno;526,371;2,974;56;174;958;1,786;20,22;3,649;13,782;2,789;217
2017;Fullerton;141,637;293;1;63;98;131;3,952;293;3,273;386;30
2017;Galt;25,971;91;0;4;15;72;595;74;451;70;6
2017;Gardena;60,249;393;4;16;218;155;1,393;353;678;362;9
2017;Garden Grove;175,466;602;5;22;220;355;4,348;840;2,851;657;22
2017;Gilroy;56,163;208;1;32;81;94;1,648;213;1,144;291;8
2017;Glendale;202,381;274;3;32;127;112;3,118;498;2,303;317;13
2017;Glendora;52,133;129;0;15;33;81;1,533;248;1,18;105;3
2017;Goleta;31;51;1;3;18;29;451;101;318;32;3
2017;Gonzales;8,508;10;0;2;4;4;64;17;36;11;0
2017;Grand Terrace;12,584;32;0;8;9;15;283;83;169;31;0
2017;Grass Valley;12,947;76;2;0;9;65;750;125;515;110;3
2017;Greenfield;17,603;102;2;7;18;75;214;49;86;79;14
2017;Gridley;6,588;104;0;6;3;95;188;38;133;17;2
2017;Grover Beach;13,72;39;1;7;7;24;246;43;161;42;0
2017;Guadalupe;7,36;4;0;1;0;3;55;12;29;14;1
2017;Gustine;5,865;33;0;1;1;31;85;26;43;16;1
2017;Hanford;55,789;284;2;28;54;200;1,359;197;916;246;21
2017;Hawaiian Gardens;14,505;86;0;1;30;55;324;78;161;85;0
2017;Hawthorne;88,664;587;5;25;275;282;2,273;408;1,35;515;16
2017;Hayward;161,417;563;5;70;306;182;5,023;482;2,74;1,801;37
2017;Healdsburg;11,915;19;0;2;4;13;221;38;156;27;0
2017;Hemet;85,166;457;4;25;133;295;3,103;703;1,868;532;10
2017;Hercules;25,57;30;0;6;12;12;378;66;269;43;0
2017;Hermosa Beach;19,836;28;0;4;7;17;590;116;426;48;3
2017;Hesperia;94,292;380;2;38;97;243;2,117;452;1,23;435;25
2017;Hidden Hills;1,937;1;0;0;0;1;12;4;7;1;0
2017;Highland;55,229;186;4;13;74;95;1,082;250;609;223;17
2017;Hillsborough;11,531;8;0;4;0;4;70;28;38;4;0
2017;Hollister;38,31;132;1;18;33;80;396;71;252;73;5
2017;Holtville;6,519;25;1;5;1;18;65;10;49;6;0
2017;Hughson;7,552;2;0;0;1;1;101;15;74;12;0
2017;Huntington Beach;202,244;461;2;75;95;289;4,285;617;3,283;385;32
2017;Huntington Park;59,004;427;4;42;197;184;1,817;210;903;704;12
2017;Huron;6,973;66;3;6;6;51;54;16;24;14;29
2017;Imperial;17,629;11;1;0;2;8;61;14;36;11;1
2017;Imperial Beach;27,593;133;1;5;34;93;364;69;211;84;1
2017;Indian Wells;5,408;1;0;0;0;1;159;51;103;5;0
2017;Indio;90,055;639;3;39;119;478;2,287;449;1,483;355;6
2017;Industry;204;73;1;5;36;31;928;151;629;148;6
2017;Inglewood;110,811;785;13;46;389;337;2,76;492;1,466;802;20
2017;Ione;6,915;3;0;0;0;3;61;4;50;7;1
2017;Irvine;276,115;169;2;46;55;66;3,635;627;2,814;194;10
2017;Irwindale;1,436;12;1;0;7;4;212;56;121;35;0
2017;Isleton;841;5;1;0;0;4;6;3;3;0;0
2017;Jackson;4,683;21;0;2;2;17;129;37;76;16;3
2017;Jurupa Valley;104,922;272;5;19;82;166;2,661;368;1,591;702;5
2017;Kensington;5,397;3;0;1;1;1;49;13;29;7;1
2017;Kerman;14,76;49;0;9;8;32;343;92;221;30;2
2017;King City;14,037;57;3;9;2;43;196;71;72;53;2
2017;Kingsburg;11,874;35;0;2;4;29;254;108;109;37;4
2017;La Canada Flintridge;20,48;16;0;1;6;9;287;105;162;20;0
2017;Lafayette2;26,492;7;0;2;4;1;;41;;19;1
2017;Laguna Beach;23,261;100;0;10;14;76;559;124;369;66;1
2017;Laguna Hills;31,715;44;1;5;18;20;467;117;301;49;4
2017;Laguna Niguel;65,7;54;1;7;11;35;573;95;428;50;1
2017;Laguna Woods;16,305;4;0;1;0;3;127;22;90;15;1
2017;La Habra;61,878;137;1;9;46;81;1,251;197;869;185;3
2017;La Habra Heights;5,426;4;0;1;1;2;95;29;60;6;1
2017;Lake Elsinore;66,136;177;1;12;57;107;2,145;299;1,507;339;1
2017;Lake Forest;84,224;133;0;19;24;90;757;166;504;87;2
2017;Lakeport;4,775;28;0;3;6;19;242;58;160;24;0
2017;Lake Shastina;2,562;1;0;0;0;1;21;7;11;3;0
2017;Lakewood;81,317;318;3;13;151;151;2,422;438;1,725;259;4
2017;La Mesa;60,425;160;3;11;50;96;1,193;177;823;193;7
2017;La Mirada;49,328;104;2;7;34;61;906;143;625;138;1
2017;Lancaster;160,653;1,219;15;80;337;787;3,318;935;1,733;650;40
2017;La Palma;15,811;19;0;0;7;12;363;140;190;33;1
2017;La Puente;40,467;148;0;14;43;91;444;92;190;162;3
2017;La Quinta;41,528;67;0;8;32;27;1,197;168;963;66;0
2017;La Verne;32,613;92;0;11;27;54;766;137;563;66;3
2017;Lawndale;33,205;178;2;3;66;107;433;75;214;144;2
2017;Lemon Grove;27,113;171;1;4;55;111;618;93;422;103;0
2017;Lemoore;25,999;141;3;20;21;97;434;93;267;74;4
2017;Lincoln;47,741;44;2;19;6;17;605;108;435;62;3
2017;Lindsay;13,513;45;2;0;13;30;273;58;149;66;7
2017;Livermore;90,485;166;0;30;48;88;1,977;191;1,51;276;22
2017;Livingston;14,117;54;0;2;12;40;285;95;154;36;6
2017;Lodi;65,042;323;1;13;127;182;1,681;347;985;349;8
2017;Loma Linda;24,265;39;0;6;12;21;610;112;401;97;1
2017;Lomita;20,764;56;1;3;13;39;402;90;241;71;1
2017;Lompoc;43,948;243;2;34;37;170;974;225;598;151;8
2017;Long Beach;471,397;3,101;22;203;1,237;1,639;12,598;2,765;7,104;2,729;127
2017;Los Alamitos;11,671;16;0;5;10;1;202;73;105;24;0
2017;Los Altos;30,816;10;0;3;2;5;321;87;215;19;3
2017;Los Altos Hills;8,579;2;0;1;0;1;59;22;36;1;4
2017;Los Angeles;4,007,147;30,507;281;2,455;10,814;16,957;101,618;16,668;65,757;19,193;1,414
2017;Los Banos;37,91;138;2;6;41;89;1,073;217;695;161;8
2017;Los Gatos;30,72;14;0;3;4;7;431;70;319;42;0
2017;Lynwood;71,453;458;8;16;220;214;1,681;293;688;700;22
2017;Madera;64,939;378;4;32;107;235;1,702;336;967;399;16
2017;Malibu;12,918;38;0;8;6;24;366;78;255;33;0
2017;Mammoth Lakes;7,956;27;0;5;5;17;147;21;115;11;0
2017;Manhattan Beach;35,843;71;0;11;36;24;875;179;625;71;3
2017;Manteca;78,564;256;4;18;89;145;2,24;302;1,616;322;14
2017;Marina;22,03;54;0;7;14;33;405;72;288;45;2
2017;Martinez;38,619;54;0;7;20;27;619;78;318;223;0
2017;Marysville;12,275;95;1;6;20;68;508;107;265;136;14
2017;Maywood;27,671;115;2;8;39;66;364;68;157;139;3
2017;McFarland;14,882;67;2;16;5;44;179;54;82;43;12
2017;Mendota;11,459;74;0;5;7;62;124;38;59;27;1
2017;Menifee;90,403;123;3;8;43;69;1,972;326;1,373;273;2
2017;Menlo Park;34,195;53;0;15;15;23;656;95;527;34;0
2017;Merced;83,18;563;8;28;158;369;2,668;472;1,706;490;92
2017;Mill Valley;14,423;9;0;0;3;6;211;36;163;12;0
2017;Milpitas;79,503;114;2;12;58;42;1,978;235;1,447;296;4
2017;Mission Viejo;96,928;101;1;13;26;61;969;158;733;78;1
2017;Modesto;213,677;2,074;20;110;519;1,425;8,465;1,188;5,865;1,412;63
2017;Monrovia;37,214;66;2;12;26;26;848;120;645;83;2
2017;Montague;1,392;9;1;2;0;6;18;10;6;2;0
2017;Montclair;39,318;230;1;25;85;119;1,534;284;870;380;15
2017;Montebello;63,473;203;2;9;82;110;1,644;665;519;460;103
2017;Monterey;28,584;125;0;17;58;50;1,206;162;964;80;5
2017;Monterey Park;61,21;112;1;10;55;46;1,613;439;955;219;4
2017;Monte Sereno;3,583;0;0;0;0;0;11;3;8;0;0
2017;Moorpark;36,813;48;0;8;9;31;332;55;257;20;4
2017;Moraga;17,653;6;0;1;3;2;128;29;89;10;1
2017;Moreno Valley;207,418;798;9;26;352;411;6,356;1,148;4,05;1,158;14
2017;Morgan Hill;45,277;72;0;1;18;53;722;92;507;123;2
2017;Morro Bay;10,716;22;0;2;4;16;197;35;152;10;3
2017;Mountain View;81,525;150;1;14;44;91;1,982;290;1,59;102;6
2017;Mount Shasta;3,276;17;1;2;1;13;66;8;48;10;1
2017;Murrieta;113,016;80;1;14;33;32;1,582;254;1,143;185;8
2017;Napa;80,958;272;1;39;43;189;1,353;338;828;187;1
2017;National City;61,574;296;3;23;109;161;1,157;132;667;358;11
2017;Needles;5,011;37;0;4;4;29;178;57;104;17;9
2017;Nevada City;3,157;8;0;0;2;6;117;22;67;28;0
2017;Newark;46,36;88;1;15;48;24;1,498;201;1,041;256;3
2017;Newman;11,271;13;0;0;4;9;142;46;70;26;0
2017;Newport Beach;86,91;124;0;31;21;72;2,123;361;1,63;132;6
2017;Norco;26,654;69;1;5;17;46;688;124;472;92;0
2017;Norwalk;106,278;437;5;17;133;282;1,956;418;1,123;415;7
2017;Novato;56,698;92;1;5;26;60;927;145;689;93;2
2017;Oakdale;22,886;31;0;7;6;18;586;104;400;82;3
2017;Oakland;424,915;5,521;69;400;2,676;2,376;25,422;2,622;17,305;5,495;196
2017;Oakley;41,509;52;1;4;12;35;489;79;302;108;2
2017;Oceanside;176,815;694;9;69;165;451;4,088;592;3;496;22
2017;Ojai;7,603;4;0;2;0;2;45;11;33;1;0
2017;Ontario3;174,724;683;8;136;220;319;4,473;720;2,842;911;29
2017;Orange;141,13;218;4;12;64;138;2,584;489;1,754;341;19
2017;Orange Cove;9,674;58;5;0;6;47;95;20;52;23;0
2017;Orinda;19,76;10;0;1;6;3;153;53;94;6;1
2017;Orland;7,624;24;1;2;2;19;132;38;71;23;2
2017;Oroville;19,091;124;0;16;40;68;1,427;259;970;198;12
2017;Oxnard;209,513;908;15;65;430;398;5,328;787;3,848;693;43
2017;Pacifica;39,353;86;1;17;20;48;528;100;383;45;3
2017;Pacific Grove;15,716;16;0;8;0;8;324;55;249;20;0
2017;Palmdale;158,094;681;4;37;218;422;2,659;613;1,611;435;29
2017;Palm Desert;52,845;91;0;3;30;58;2,076;424;1,536;116;1
2017;Palm Springs;48,193;290;5;40;94;151;1,963;436;1,277;250;3
2017;Palo Alto;67,441;90;0;11;39;40;1,783;214;1,478;91;6
2017;Palos Verdes Estates;13,611;3;0;1;2;0;125;43;77;5;0
2017;Paradise;26,61;88;0;16;9;63;295;127;131;37;2
2017;Paramount;55,041;324;6;8;125;185;1,613;283;892;438;6
2017;Parlier;15,289;106;1;8;16;81;258;90;83;85;21
2017;Pasadena;142,891;574;8;51;202;313;2,946;745;1,842;359;42
2017;Paso Robles;32,266;35;0;3;6;26;920;126;731;63;4
2017;Patterson;21,994;46;0;3;9;34;513;50;327;136;2
2017;Perris;77,626;192;2;4;66;120;1,877;270;1,104;503;7
2017;Petaluma;60,957;233;1;32;40;160;946;170;712;64;9
2017;Pico Rivera;63,746;236;1;19;75;141;1,432;250;853;329;5
2017;Piedmont;11,464;14;0;7;3;4;174;60;98;16;0
2017;Pinole;19,449;66;0;5;31;30;968;93;789;86;3
2017;Pismo Beach;8,291;42;0;3;4;35;393;88;283;22;1
2017;Pittsburg;71,944;341;7;34;121;179;1,766;299;876;591;28
2017;Placentia;52,437;89;1;1;25;62;864;187;563;114;2
2017;Placerville;10,732;29;0;6;9;14;279;57;176;46;1
2017;Pleasant Hill;35,136;83;0;10;34;39;1,739;158;1,451;130;9
2017;Pleasanton;84,44;99;0;13;53;33;1,661;137;1,406;118;5
2017;Pomona;153,066;853;18;88;344;403;4,484;718;2,516;1,25;26
2017;Porterville;59,245;247;4;10;58;175;1,535;338;925;272;3
2017;Port Hueneme;22,374;39;2;4;14;19;396;65;287;44;6
2017;Poway;50,438;58;0;8;13;37;576;136;389;51;3
2017;Rancho Cordova;73,607;305;1;17;85;202;1,41;285;899;226;1
2017;Rancho Cucamonga;178,308;329;1;46;118;164;4,18;814;2,998;368;7
2017;Rancho Mirage;18,347;28;0;0;13;15;572;121;411;40;0
2017;Rancho Palos Verdes;42,563;33;0;5;7;21;446;152;259;35;0
2017;Rancho Santa Margarita;49,144;32;0;4;6;22;328;45;265;18;4
2017;Red Bluff;14,169;160;0;29;31;100;960;156;698;106;10
2017;Redding;92,127;654;2;64;150;438;3,841;690;2,36;791;9
2017;Redlands;71,707;216;1;36;69;110;2,629;426;1,91;293;20
2017;Redondo Beach;68,051;176;0;18;62;96;1,57;358;1,042;170;0
2017;Redwood City;86,353;209;0;57;61;91;1,39;177;1,053;160;18
2017;Reedley;25,794;100;0;5;14;81;369;147;148;74;9
2017;Rialto;103,98;399;2;28;150;219;1,684;475;596;613;3
2017;Richmond;110,804;1,014;10;49;392;563;4,128;698;2,199;1,231;42
2017;Ridgecrest;28,873;155;0;19;13;123;518;136;309;73;9
2017;Rio Dell;3,414;6;0;1;0;5;44;8;24;12;1
2017;Rio Vista;8,87;41;0;1;4;36;94;40;45;9;0
2017;Ripon;15,659;13;0;7;4;2;286;28;241;17;0
2017;Riverbank;24,669;40;0;1;21;18;562;73;431;58;2
2017;Riverside;328,023;1,669;12;166;544;947;10,032;1,673;6,629;1,73;73
2017;Rocklin;63,735;66;0;14;29;23;1,135;211;813;111;10
2017;Rohnert Park;42,922;218;0;29;21;168;832;110;610;112;7
2017;Rolling Hills;1,891;0;0;0;0;0;6;1;5;0;0
2017;Rolling Hills Estates;8,259;12;0;2;1;9;153;42;103;8;2
2017;Rosemead;54,615;173;1;12;59;101;1,327;330;719;278;7
2017;Roseville;135,028;237;0;27;87;123;3,322;389;2,623;310;33
2017;Ross;2,475;2;0;0;1;1;37;8;29;0;0
2017;Sacramento;499,997;3,378;39;99;1,1;2,14;14,683;2,888;9,077;2,718;209
2017;Salinas;158,313;1,021;28;71;358;564;4,795;964;2,589;1,242;24
2017;San Bernardino;217,259;2,805;34;158;877;1,736;8,403;2,136;3,99;2,277;67
2017;San Bruno;43,274;121;1;13;51;56;1,117;126;904;87;4
2017;San Clemente;65,596;91;0;9;37;45;812;173;574;65;4
2017;Sand City;392;10;0;0;5;5;132;10;119;3;0
2017;San Diego;1,424,116;5,221;35;559;1,41;3,217;26,246;3,817;17,294;5,135;158
2017;San Dimas;34,499;67;0;5;24;38;735;158;500;77;4
2017;San Fernando;24,899;120;3;9;34;74;360;85;184;91;1
2017;San Francisco;881,255;6,301;56;367;3,22;2,658;54,356;4,935;44,587;4,834;303
2017;San Gabriel;40,531;114;1;3;40;70;666;199;407;60;3
2017;Sanger;25,126;110;2;12;15;81;489;173;240;76;2
2017;San Jacinto;47,932;114;3;2;55;54;1,605;343;1,005;257;1
2017;San Jose;1,037,529;4,188;32;571;1,376;2,209;25,323;3,926;13,329;8,068;173
2017;San Juan Capistrano;36,532;82;0;12;16;54;448;103;313;32;3
2017;San Leandro;91,386;524;2;21;292;209;3,715;460;2,369;886;20
2017;San Luis Obispo;47,934;178;0;44;23;111;1,782;172;1,516;94;12
2017;San Marcos;97,29;195;0;25;54;116;1,136;202;784;150;4
2017;San Marino;13,402;14;0;0;6;8;255;127;126;2;0
2017;San Mateo;105,09;268;0;19;64;185;2,125;706;1,231;188;8
2017;San Pablo;30,781;178;2;7;103;66;1,04;129;547;364;8
2017;San Rafael;59,144;194;0;21;89;84;1,627;271;1,091;265;19
2017;San Ramon;76,325;56;0;8;30;18;974;126;768;80;7
2017;Santa Ana;335,699;1,64;21;188;605;826;7,017;929;4,108;1,98;60
2017;Santa Barbara;92,508;377;0;67;80;230;2,499;327;1,968;204;23
2017;Santa Clara;127,538;214;2;35;82;95;3,618;408;2,81;400;7
2017;Santa Clarita;216,35;352;4;40;122;186;3,081;674;1,997;410;13
2017;Santa Cruz;65,132;409;1;57;103;248;3,684;412;2,911;361;30
2017;Santa Fe Springs;18,339;106;0;4;48;54;1,048;183;688;177;6
2017;Santa Maria;107,424;476;3;58;155;260;2,354;446;1,231;677;11
2017;Santa Monica;92,935;705;3;54;241;407;4,374;648;3,462;264;25
2017;Santa Paula;30,496;103;2;7;18;76;434;84;308;42;2
2017;Santa Rosa;176,361;722;5;109;126;482;3,245;525;2,309;411;22
2017;Santee;58,563;155;0;11;43;101;866;109;665;92;1
2017;Saratoga;30,886;33;2;3;6;22;192;94;81;17;4
2017;Sausalito;7,155;14;0;0;3;11;231;37;187;7;0
2017;Scotts Valley;11,985;14;0;6;4;4;227;40;167;20;0
2017;Seal Beach;24,495;45;0;2;19;24;643;92;503;48;1
2017;Seaside;34,519;92;1;8;31;52;513;81;360;72;1
2017;Sebastopol;7,725;20;0;5;3;12;129;39;81;9;1
2017;Selma;24,817;292;3;12;17;260;873;300;411;162;7
2017;Shafter;19,284;43;0;7;11;25;473;117;242;114;11
2017;Sierra Madre;11,08;8;0;1;1;6;108;43;61;4;2
2017;Signal Hill;11,757;63;1;5;34;23;749;93;521;135;2
2017;Simi Valley;126,635;184;0;32;39;113;1,824;331;1,355;138;7
2017;Solana Beach;13,542;13;0;3;4;6;229;68;142;19;0
2017;Soledad;25,56;50;2;3;7;38;170;47;76;47;3
2017;Solvang;5,899;7;0;1;1;5;85;21;62;2;0
2017;Sonoma;11,12;31;0;5;7;19;186;36;146;4;1
2017;Sonora;4,811;33;0;9;7;17;324;56;239;29;7
2017;South El Monte;21,012;121;2;4;35;80;684;169;314;201;9
2017;South Gate;95,717;674;6;41;223;404;3,131;507;1,691;933;14
2017;South Lake Tahoe;21,768;58;0;12;8;38;482;129;280;73;1
2017;South Pasadena;25,961;18;1;2;9;6;504;130;315;59;2
2017;South San Francisco;67,533;234;1;31;72;130;1,605;214;1,184;207;8
2017;Stallion Springs;2,644;4;0;0;0;4;10;0;10;0;0
2017;Stanton;38,767;142;1;17;37;87;649;130;384;135;4
2017;St. Helena;6,21;11;0;5;1;5;93;33;52;8;2
2017;Stockton3;309,566;4,379;55;154;1,208;2,962;11,229;2,14;7,04;2,049;208
2017;Suisun City;29,738;101;3;8;38;52;689;110;490;89;8
2017;Sunnyvale;154,919;182;1;29;56;96;2,682;512;1,872;298;19
2017;Susanville;14,414;209;0;9;11;189;314;102;197;15;7
2017;Sutter Creek;2,517;4;0;0;0;4;61;8;47;6;1
2017;Taft;9,393;83;0;5;7;71;405;77;287;41;0
2017;Tehachapi;12,21;49;1;4;8;36;223;57;130;36;4
2017;Temecula;115,22;117;1;5;38;73;2,614;353;2,011;250;2
2017;Temple City;36,5;54;2;3;20;29;552;258;257;37;0
2017;Thousand Oaks;129,24;172;2;44;35;91;1,687;269;1,305;113;12
2017;Tiburon;9,21;3;0;0;1;2;86;16;70;0;0
2017;Torrance;147,482;267;0;36;116;115;3,206;557;2,213;436;12
2017;Tracy;90,263;193;3;27;77;86;2,179;201;1,616;362;11
2017;Truckee;16,429;19;0;4;0;15;165;40;98;27;4
2017;Tulare;63,349;254;2;22;66;164;1,703;284;1,008;411;15
2017;Tulelake;988;2;0;0;0;2;1;1;0;0;0
2017;Turlock;73,488;447;4;24;142;277;2,296;382;1,471;443;35
2017;Tustin;81,246;132;3;11;47;71;1,949;288;1,484;177;9
2017;Twentynine Palms;26,21;40;2;2;6;30;326;142;139;45;8
2017;Ukiah;15,859;121;0;14;20;87;335;59;234;42;13
2017;Union City;76,311;255;1;15;83;156;1,686;216;1,114;356;4
2017;Upland;77,154;232;7;25;101;99;2,071;586;1,194;291;6
2017;Vacaville;99,293;198;1;20;56;121;2,108;186;1,742;180;17
2017;Vallejo;122,174;1,048;15;93;390;550;4,597;2,445;1,181;971;60
2017;Ventura;110,006;460;2;63;111;284;3,638;585;2,717;336;17
2017;Vernon;113;35;0;0;20;15;424;60;229;135;5
2017;Victorville;123,284;862;14;54;267;527;3,318;830;1,839;649;42
2017;Villa Park;5,933;2;0;0;0;2;74;35;35;4;1
2017;Visalia;132,143;457;9;81;144;223;4,396;839;2,953;604;16
2017;Vista;103,004;370;4;38;104;224;1,494;310;889;295;9
2017;Walnut;30,189;43;0;12;8;23;485;232;221;32;2
2017;Walnut Creek;69,953;105;1;2;39;63;2,304;243;1,871;190;2
2017;Waterford;8,928;16;0;1;2;13;120;26;55;39;0
2017;Watsonville;54,226;298;1;41;69;187;1,711;251;995;465;14
2017;Weed;2,605;23;0;0;0;23;95;23;62;10;0
2017;West Covina;108,128;275;0;31;144;100;2,733;502;1,821;410;10
2017;West Hollywood;37,093;254;1;29;122;102;1,705;234;1,367;104;2
2017;Westlake Village;8,476;14;0;1;4;9;208;48;155;5;0
2017;Westminster;91,863;281;4;23;132;122;2,825;443;1,987;395;14
2017;Westmorland;2,276;5;0;0;0;5;21;9;10;2;0
2017;West Sacramento;53,703;199;7;19;79;94;1,138;201;756;181;21
2017;Wheatland;3,831;6;0;0;2;4;37;10;22;5;1
2017;Whittier;87,141;300;5;15;137;143;2,507;420;1,774;313;6
2017;Wildomar;36,683;56;0;2;15;39;683;128;430;125;1
2017;Williams;5,201;11;0;3;5;3;75;34;32;9;2
2017;Willits;4,87;57;0;4;5;48;61;11;25;25;0
2017;Windsor;27,679;61;0;15;6;40;279;40;219;20;2
2017;Winters;7,235;14;0;0;1;13;131;26;93;12;2
2017;Woodlake;7,678;27;1;1;2;23;122;20;86;16;4
2017;Woodland;59,676;187;0;21;38;128;1,861;326;1,306;229;35
2017;Yorba Linda;68,889;45;0;9;5;31;714;185;482;47;5
2017;Yountville;3,02;1;0;0;0;1;42;7;33;2;0
2017;Yreka;7,564;51;1;5;2;43;213;57;113;43;1
2017;Yuba City;67,042;255;0;23;82;150;2,207;380;1,448;379;15
2017;Yucaipa;53,614;74;0;12;23;39;927;202;590;135;5
2017;Yucca Valley;21,806;65;0;9;18;38;444;148;244;52;2
2018;Adelanto;34,429;239;0;25;40;174;610;175;336;99;19
2018;Agoura Hills;20,744;27;0;5;8;14;274;64;186;24;3
2018;Alameda;79,951;184;1;13;75;95;2,123;196;1,576;351;18
2018;Albany;20,379;37;1;2;28;6;608;69;492;47;3
2018;Alhambra;85,718;193;3;14;88;88;1,93;328;1,346;256;16
2018;Aliso Viejo;52,183;43;0;11;10;22;445;66;348;31;1
2018;Alturas;2,501;24;0;0;3;21;76;27;38;11;1
2018;American Canyon;20,339;56;0;8;13;35;405;54;311;40;0
2018;Anaheim;354,743;1,192;7;142;407;636;8,702;1,408;5,921;1,373;27
2018;Anderson;10,433;64;1;6;12;45;388;89;201;98;4
2018;Angels Camp;3,808;10;0;0;0;10;80;22;50;8;0
2018;Antioch;112,956;602;7;56;213;326;3,33;641;2,087;602;92
2018;Apple Valley;73,631;227;5;17;55;150;1,459;279;917;263;15
2018;Arcadia;59,151;76;1;8;41;26;1,42;372;969;79;5
2018;Arcata;18,073;64;1;15;14;34;665;89;512;64;12
2018;Arroyo Grande;18,244;24;0;3;3;18;286;37;225;24;4
2018;Artesia;16,959;82;1;3;34;44;335;107;180;48;1
2018;Arvin;21,56;207;3;7;27;170;382;89;172;121;20
2018;Atascadero;30,716;99;0;15;9;75;428;63;330;35;3
2018;Atherton;7,285;5;0;3;2;0;107;31;73;3;0
2018;Atwater;29,565;179;2;6;21;150;910;163;561;186;16
2018;Auburn;14,094;72;0;3;9;60;192;51;123;18;3
2018;Avalon;3,769;4;0;1;0;3;41;9;27;5;0
2018;Avenal;12,084;44;1;2;1;40;118;43;57;18;0
2018;Azusa;50,393;193;3;25;63;102;1,122;221;716;185;9
2018;Bakersfield;385,609;1,895;31;113;811;940;16,097;4,025;9,295;2,777;275
2018;Baldwin Park;76,541;287;3;35;71;178;1,386;240;843;303;1
2018;Banning;31,451;135;6;17;28;84;531;191;217;123;0
2018;Barstow;24,095;285;2;14;96;173;1,102;348;584;170;32
2018;Bear Valley;5,5;5;0;1;0;4;118;5;113;0;0
2018;Beaumont;48,559;208;1;17;24;166;871;163;570;138;3
2018;Bell;35,857;184;3;10;45;126;495;120;266;109;0
2018;Bellflower;77,937;335;4;25;118;188;1,688;331;963;394;10
2018;Bell Gardens;42,845;117;2;6;53;56;633;85;306;242;4
2018;Belmont;27,325;40;0;10;10;20;424;58;336;30;1
2018;Belvedere;2,134;0;0;0;0;0;11;4;6;1;0
2018;Benicia;28,536;34;0;7;17;10;382;71;229;82;2
2018;Berkeley;123,735;586;1;65;353;167;5,381;829;4,004;548;31
2018;Beverly Hills;34,557;106;0;14;42;50;1,757;405;1,282;70;5
2018;Big Bear;5,296;36;1;4;3;28;171;44;109;18;1
2018;Biggs;1,712;10;0;0;2;8;34;9;20;5;0
2018;Bishop;3,744;41;0;6;4;31;232;26;201;5;0
2018;Blythe;19,517;71;1;6;23;41;684;213;440;31;35
2018;Bradbury;1,1;2;0;0;0;2;13;9;4;0;0
2018;Brawley;26,59;154;1;4;18;131;657;112;494;51;19
2018;Brea;43,279;83;1;7;29;46;1,293;159;1,068;66;5
2018;Brentwood;64,118;152;1;7;39;105;1,317;211;1,021;85;1
2018;Brisbane;4,786;9;0;1;1;7;93;39;51;3;1
2018;Broadmoor;4,44;14;2;1;5;6;78;24;36;18;0
2018;Buellton;5,176;3;0;0;0;3;51;4;41;6;0
2018;Buena Park;83,336;257;0;17;74;166;2,583;265;1,977;341;2
2018;Burbank;105,041;229;0;18;77;134;2,625;276;2,135;214;8
2018;Burlingame;30,959;58;0;9;19;30;921;177;684;60;4
2018;Calabasas;24,309;26;0;8;3;15;363;81;269;13;0
2018;Calexico;40,596;87;0;6;19;62;1,064;320;576;168;40
2018;California City;14,051;47;4;2;8;33;393;196;137;60;0
2018;Calimesa;8,953;12;0;0;3;9;202;36;129;37;0
2018;Calistoga;5,289;10;0;3;2;5;62;15;39;8;1
2018;Camarillo;68,218;78;0;16;21;41;841;110;663;68;3
2018;Campbell;41,853;119;0;11;37;71;1,379;235;976;168;25
2018;Canyon Lake;11,314;12;0;3;0;9;101;22;56;23;1
2018;Capitola;10,218;26;0;5;9;12;507;28;458;21;3
2018;Carlsbad;116,739;243;1;39;52;151;2,1;299;1,649;152;14
2018;Carmel;3,921;11;0;0;0;11;96;20;73;3;0
2018;Carpinteria;13,712;22;0;0;2;20;212;36;148;28;0
2018;Carson;92,895;435;5;14;131;285;1,971;345;1,181;445;11
2018;Cathedral City;55,056;172;2;22;39;109;717;188;283;246;6
2018;Central Marin;35,033;40;0;10;19;11;723;193;503;27;0
2018;Ceres;49,101;228;1;13;74;140;1,452;325;792;335;19
2018;Cerritos;51,307;162;0;13;91;58;1,794;372;1,259;163;3
2018;Chico;94,273;611;2;86;106;417;2,403;327;1,761;315;66
2018;Chino;91,535;259;1;25;67;166;2,216;407;1,508;301;6
2018;Chino Hills;81,177;77;1;8;17;51;1,079;242;747;90;3
2018;Chowchilla;18,551;42;3;1;4;34;293;81;144;68;5
2018;Chula Vista;274,37;835;6;79;256;494;3,611;585;2,338;688;20
2018;Citrus Heights;88,603;324;1;47;86;190;2,478;410;1,739;329;12
2018;Claremont;36,178;66;1;15;19;31;930;227;646;57;5
2018;Clayton;12,33;1;0;0;1;0;146;11;128;7;0
2018;Clearlake;15,037;109;4;16;21;68;506;188;220;98;7
2018;Cloverdale;8,826;19;0;6;4;9;138;22;106;10;0
2018;Clovis;111,759;221;1;46;36;138;2,438;358;1,932;148;6
2018;Coachella;46,115;104;1;5;40;58;1,143;123;766;254;4
2018;Coalinga;16,593;73;2;3;8;60;244;73;144;27;3
2018;Colma;1,524;37;0;0;18;19;359;32;309;18;0
2018;Colton;55,203;184;11;11;77;85;1,6;324;851;425;14
2018;Colusa;5,961;11;1;1;1;8;80;24;42;14;0
2018;Commerce;12,961;128;1;9;48;70;995;108;646;241;7
2018;Compton;97,775;1,174;22;38;424;690;2,559;362;1,349;848;58
2018;Concord;130,855;473;3;49;200;221;4,126;446;3,124;556;18
2018;Corcoran;21,487;75;0;8;11;56;380;88;214;78;2
2018;Corning;7,58;40;1;2;4;33;287;78;169;40;2
2018;Corona;170,041;263;6;46;119;92;3,264;488;2,185;591;21
2018;Coronado;24,491;18;0;2;3;13;314;32;262;20;0
2018;Costa Mesa;114,358;344;3;75;110;156;3,792;515;2,975;302;17
2018;Cotati;7,509;36;0;4;4;28;101;19;71;11;1
2018;Covina;48,557;188;2;28;67;91;1,117;291;653;173;3
2018;Crescent City;6,245;35;0;2;8;25;220;18;199;3;5
2018;Cudahy;24,114;90;4;5;32;49;187;26;88;73;4
2018;Culver City;39,335;188;0;6;109;73;1,756;246;1,417;93;0
2018;Cupertino;61,078;72;0;18;14;40;956;183;720;53;7
2018;Cypress;49,223;58;0;14;25;19;704;146;478;80;5
2018;Daly City;107,928;242;3;38;103;98;1,528;221;1,13;177;8
2018;Dana Point;34,019;69;0;7;13;49;504;73;395;36;0
2018;Danville;45,202;16;0;0;10;6;326;53;251;22;1
2018;Davis;69,486;117;2;21;44;50;1,69;232;1,366;92;9
2018;Delano;53,141;238;10;13;44;171;1,437;319;656;462;73
2018;Del Mar;4,391;14;0;3;2;9;118;26;78;14;0
2018;Del Rey Oaks;1,696;2;0;0;1;1;59;16;40;3;0
2018;Desert Hot Springs;28,991;309;3;22;56;228;638;292;179;167;8
2018;Diamond Bar;56,821;58;2;7;30;19;936;360;521;55;5
2018;Dinuba;24,411;184;0;9;28;147;597;77;427;93;4
2018;Dixon;20,472;53;1;3;14;35;368;35;278;55;4
2018;Dorris;902;3;0;0;0;3;12;7;3;2;0
2018;Dos Palos;5,518;71;0;3;0;68;201;69;99;33;6
2018;Downey;113,277;367;5;14;185;163;2,615;439;1,57;606;15
2018;Duarte;21,816;62;0;5;19;38;403;49;287;67;1
2018;Dublin;63,463;108;0;6;47;55;1,188;96;1,005;87;2
2018;Dunsmuir;1,572;9;1;1;0;7;23;9;12;2;0
2018;East Palo Alto;29,991;141;3;13;55;70;567;84;300;183;3
2018;Eastvale;64,642;63;1;5;29;28;956;147;678;131;0
2018;El Cajon;104,497;515;5;31;191;288;2,269;353;1,544;372;18
2018;El Centro;44,609;126;1;12;29;84;1,625;439;1,076;110;8
2018;El Cerrito;25,793;171;0;3;101;67;1,314;167;1,045;102;9
2018;Elk Grove;174,651;414;1;40;93;280;2,359;321;1,859;179;10
2018;El Monte;116,464;362;6;35;149;172;2,242;482;1,256;504;20
2018;El Segundo;16,881;62;0;11;22;29;714;202;448;64;3
2018;Emeryville;12,016;170;0;9;120;41;2,014;98;1,761;155;6
2018;Encinitas;63,7;114;0;16;21;77;795;145;567;83;3
2018;Escalon;7,653;21;0;2;3;16;124;25;87;12;0
2018;Escondido;153,073;535;4;64;159;308;2,736;357;1,891;488;12
2018;Etna;718;0;0;0;0;0;0;0;0;0;0
2018;Eureka;27,174;197;3;26;64;104;1,491;231;1,055;205;28
2018;Exeter;10,583;16;0;2;3;11;279;49;193;37;0
2018;Fairfax;7,62;6;0;1;1;4;116;21;90;5;0
2018;Fairfield;117,883;587;4;78;176;329;3,28;404;2,3;576;29
2018;Farmersville;10,806;45;3;1;8;33;190;48;116;26;4
2018;Ferndale;1,373;6;0;1;0;5;20;8;12;0;0
2018;Fillmore;15,928;39;1;7;7;24;135;27;94;14;1
2018;Firebaugh;8,438;45;0;4;5;36;111;23;66;22;0
2018;Folsom;78,916;85;1;20;29;35;1,245;245;918;82;8
2018;Fontana;213,964;709;8;63;195;443;3,218;542;1,773;903;10
2018;Fort Bragg;7,317;31;0;7;6;18;314;34;266;14;7
2018;Fort Jones;690;7;0;0;0;7;10;3;4;3;0
2018;Fortuna;12,228;46;0;3;9;34;352;61;257;34;6
2018;Foster City;34,993;35;0;6;5;24;376;59;300;17;3
2018;Fountain Valley;56,433;52;0;1;21;30;1,496;194;1,185;117;1
2018;Fowler;6,627;22;0;1;6;15;107;52;46;9;0
2018;Fremont;238,024;502;3;55;216;228;4,687;720;3,284;683;22
2018;Fresno;531,818;2,953;32;170;909;1,842;17,787;2,949;12,473;2,365;264
2018;Fullerton;141,132;332;3;66;107;156;3,66;329;2,856;475;16
2018;Galt;26,548;96;0;11;21;64;462;66;347;49;6
2018;Gardena;60,423;326;7;16;160;143;1,306;289;702;315;8
2018;Garden Grove;174,661;507;4;54;163;286;4,04;613;2,815;612;15
2018;Gilroy;59,033;209;0;37;75;97;1,609;188;1,04;381;7
2018;Glendale;204,724;202;1;24;77;100;3,11;454;2,39;266;11
2018;Glendora;52,727;122;0;23;26;73;1,523;222;1,179;122;5
2018;Goleta;31,284;42;0;4;10;28;352;75;233;44;0
2018;Gonzales;8,521;11;0;1;4;6;74;11;30;33;0
2018;Grand Terrace;12,672;37;0;6;17;14;254;55;166;33;0
2018;Grass Valley;13,004;70;0;1;14;55;517;81;386;50;1
2018;Greenfield;17,68;97;3;4;14;76;193;41;108;44;3
2018;Gridley;6,612;80;0;5;1;74;250;49;191;10;3
2018;Grover Beach;13,694;28;1;5;4;18;249;45;180;24;4
2018;Guadalupe;7,411;11;0;1;3;7;51;16;23;12;1
2018;Gustine;5,89;38;0;2;1;35;95;24;56;15;1
2018;Hanford;56,805;274;2;32;41;199;1,264;145;945;174;7
2018;Hawaiian Gardens;14,474;81;0;4;24;53;250;56;143;51;1
2018;Hawthorne;88,372;617;0;37;232;348;1,705;294;1,064;347;5
2018;Hayward;162,881;669;3;85;364;217;4,77;545;2,849;1,376;21
2018;Healdsburg;11,917;20;0;1;4;15;223;30;174;19;0
2018;Hemet;86,047;432;7;25;144;256;2,863;574;1,754;535;29
2018;Hercules;25,75;30;0;0;16;14;350;82;240;28;0
2018;Hermosa Beach;19,737;30;0;3;5;22;477;130;316;31;0
2018;Hesperia;95,519;406;2;32;126;246;2,035;444;1,228;363;19
2018;Hidden Hills;1,93;0;0;0;0;0;15;4;9;2;0
2018;Highland;55,651;208;1;7;62;138;1,143;242;636;265;11
2018;Hillsborough;11,58;9;0;2;0;7;90;44;42;4;0
2018;Hollister;38,93;98;1;13;16;68;496;62;334;100;2
2018;Holtville;6,695;15;0;3;1;11;84;19;53;12;1
2018;Hughson;7,627;7;0;0;2;5;88;17;60;11;0
2018;Huntington Beach;203,428;429;1;83;106;239;3,993;525;3,158;310;24
2018;Huntington Park;58,922;429;2;38;214;175;1,8;256;954;590;16
2018;Huron;7,396;96;0;4;3;89;49;18;10;21;15
2018;Imperial;17,976;9;0;2;1;6;77;18;38;21;0
2018;Imperial Beach;27,569;79;0;3;18;58;352;63;201;88;1
2018;Indian Wells;5,467;1;0;0;0;1;132;28;90;14;0
2018;Indio;91,346;495;2;47;112;334;2,242;405;1,362;475;11
2018;Industry;203;87;2;3;50;32;979;161;681;137;3
2018;Inglewood;110,726;683;15;51;312;305;2,744;450;1,636;658;12
2018;Ione;7,848;5;0;0;0;5;56;13;38;5;0
2018;Irvine;288,052;160;0;40;53;67;3,659;621;2,84;198;9
2018;Irwindale;1,467;12;0;0;6;6;194;44;115;35;1
2018;Isleton;851;0;0;0;0;0;24;14;9;1;0
2018;Jackson;4,752;29;0;2;3;24;128;27;93;8;3
2018;Jurupa Valley;107,605;332;6;11;84;231;2,839;399;1,548;892;1
2018;Kensington;5,4;2;0;0;0;2;48;13;30;5;0
2018;Kerman;15,128;59;1;5;21;32;358;84;218;56;0
2018;King City;14,228;32;1;7;5;19;175;53;93;29;2
2018;Kingsburg;12,089;40;0;5;7;28;306;129;124;53;2
2018;La Canada Flintridge;20,436;13;0;2;4;7;330;86;231;13;0
2018;Lafayette;26,827;10;0;0;5;5;231;23;191;17;0
2018;Laguna Beach;23,202;90;0;5;9;76;443;60;340;43;4
2018;Laguna Hills;31,474;55;0;5;15;35;402;97;277;28;4
2018;Laguna Niguel;66,806;81;0;2;21;58;640;104;480;56;2
2018;Laguna Woods;16,219;10;0;1;2;7;108;11;84;13;0
2018;La Habra;62,769;111;1;5;45;60;1,155;190;800;165;2
2018;La Habra Heights;5,415;6;0;1;2;3;66;22;43;1;0
2018;Lake Elsinore;68,451;161;2;2;55;102;1,919;258;1,329;332;3
2018;Lake Forest;85,302;159;1;14;36;108;761;139;510;112;10
2018;Lakeport;4,763;27;0;1;5;21;175;48;114;13;0
2018;Lake Shastina;2,563;2;0;1;0;1;5;0;5;0;0
2018;Lakewood;81,097;270;2;23;118;127;1,848;275;1,347;226;5
2018;La Mesa;60,442;160;1;13;67;79;1,049;157;760;132;6
2018;La Mirada;49,175;89;1;6;22;60;829;128;580;121;3
2018;Lancaster;160,818;1,193;7;94;298;794;3,805;1,001;2,074;730;28
2018;La Palma;15,747;20;0;0;5;15;334;84;227;23;1
2018;La Puente;40,39;162;3;16;41;102;501;96;258;147;2
2018;La Quinta;41,849;42;1;1;20;20;1,154;174;896;84;2
2018;La Verne;32,656;87;0;18;11;58;742;129;538;75;1
2018;Lawndale;33,121;129;3;10;30;86;348;61;185;102;1
2018;Lemon Grove;27,364;155;2;6;52;95;468;67;309;92;3
2018;Lemoore;26,626;188;0;18;20;150;385;69;264;52;1
2018;Lincoln;48,364;35;0;13;12;10;418;83;291;44;4
2018;Lindsay;13,542;34;1;0;8;25;214;30;129;55;3
2018;Livermore;91,612;186;0;33;58;95;1,696;212;1,329;155;8
2018;Livingston;14,301;41;0;1;13;27;308;82;173;53;4
2018;Lodi;66,416;277;9;12;88;168;1,701;359;1;342;14
2018;Loma Linda;24,319;40;0;7;10;23;608;125;385;98;1
2018;Lomita;20,77;66;1;6;11;48;312;64;201;47;0
2018;Lompoc;43,719;218;1;26;32;159;951;178;629;144;14
2018;Long Beach;470,445;3,284;30;219;979;2,056;11,922;2,328;7,315;2,279;127
2018;Los Alamitos;11,629;8;0;1;3;4;156;54;78;24;0
2018;Los Altos;30,989;13;0;4;3;6;284;80;188;16;0
2018;Los Altos Hills;8,656;7;0;0;2;5;48;29;17;2;2
2018;Los Angeles;4,029,741;30,126;258;2,528;10,327;17,013;101,267;15,988;67,963;17,316;1,654
2018;Los Banos;39,651;144;1;7;37;99;1,071;244;659;168;4
2018;Los Gatos;30,899;10;0;2;6;2;459;58;360;41;0
2018;Lynwood;71,315;426;9;22;180;215;1,438;228;656;554;21
2018;Madera;66,098;399;6;37;92;264;1,346;241;898;207;15
2018;Malibu;12,911;37;1;9;9;18;380;74;277;29;1
2018;Mammoth Lakes;8,118;19;0;2;3;14;82;9;71;2;1
2018;Manhattan Beach;36,038;57;1;8;27;21;844;113;684;47;2
2018;Manteca;81,08;256;0;18;97;141;2,288;386;1,522;380;15
2018;Marina;22,511;49;1;4;14;30;317;41;240;36;2
2018;Martinez;38,699;73;0;10;32;31;524;73;346;105;0
2018;Marysville;12,459;112;0;11;26;75;533;72;332;129;11
2018;Maywood;27,612;87;2;10;26;49;302;72;107;123;0
2018;McFarland;15,475;61;2;10;6;43;212;69;68;75;8
2018;Mendota;11,476;86;0;5;6;75;197;50;78;69;0
2018;Menifee;92,54;155;3;9;46;97;1,945;331;1,282;332;1
2018;Menlo Park;34,694;43;1;9;9;24;606;110;470;26;1
2018;Merced;83,659;465;1;30;116;318;2,219;387;1,404;428;62
2018;Mill Valley;14,418;9;0;1;4;4;196;44;137;15;0
2018;Milpitas;79,895;87;0;11;45;31;1,934;243;1,435;256;4
2018;Mission Viejo;96,419;113;0;5;24;84;937;157;702;78;5
2018;Modesto;215,822;1,904;16;105;420;1,363;7,727;1,109;5,42;1,198;62
2018;Monrovia;37,128;69;2;10;31;26;914;121;723;70;1
2018;Montague;1,401;12;0;1;1;10;26;16;8;2;2
2018;Montclair;39,648;239;1;37;72;129;1,646;337;990;319;18
2018;Montebello;63,291;218;6;10;109;93;1,643;619;548;476;86
2018;Monterey;28,744;112;0;18;35;59;1,143;204;859;80;3
2018;Monterey Park;61,16;124;0;4;73;47;1,589;356;1,017;216;2
2018;Monte Sereno;3,606;0;0;0;0;0;19;8;8;3;0
2018;Moorpark;37,121;33;0;7;7;19;261;55;188;18;1
2018;Moraga;17,866;12;0;2;2;8;94;12;75;7;0
2018;Moreno Valley;209,145;775;9;30;293;443;6,161;1,101;3,854;1,206;11
2018;Morgan Hill;46,142;52;1;0;17;34;740;125;501;114;1
2018;Morro Bay;10,692;36;0;3;4;29;135;16;113;6;0
2018;Mountain View;82,518;157;0;13;59;85;2,103;276;1,659;168;7
2018;Mount Shasta;3,289;11;0;1;1;9;47;7;28;12;0
2018;Murrieta;114,706;92;2;16;35;39;1,412;234;952;226;2
2018;Napa;80,145;269;0;56;46;167;1,241;258;814;169;30
2018;National City;61,763;306;2;22;101;181;1,167;127;748;292;8
2018;Needles;5,03;59;0;6;2;51;202;74;99;29;12
2018;Nevada City;3,146;13;0;3;2;8;112;21;72;19;0
2018;Newark;48,276;97;1;20;39;37;1,318;180;969;169;7
2018;Newman;11,525;19;3;1;7;8;134;25;71;38;0
2018;Newport Beach;86,276;124;1;31;29;63;2,073;397;1,513;163;3
2018;Norco;26,716;63;0;4;19;40;675;123;442;110;0
2018;Norwalk;106,158;449;9;23;132;285;1,948;438;1,116;394;13
2018;Novato;56,577;97;1;10;19;67;773;118;564;91;8
2018;Oakdale;23,504;48;0;9;18;21;555;109;375;71;4
2018;Oakland;430,23;5,48;70;448;2,624;2,338;23,19;2,394;15,725;5,071;245
2018;Oakley;42,655;42;1;1;9;31;508;90;323;95;2
2018;Oceanside;177,464;669;9;69;158;433;3,836;526;2,845;465;16
2018;Ojai;7,597;6;0;1;3;2;68;12;50;6;1
2018;Ontario;177,542;670;6;106;231;327;4,584;723;2,858;1,003;27
2018;Orange;141,108;160;3;12;73;72;2,478;478;1,7;300;19
2018;Orange Cove;9,682;25;1;2;5;17;94;30;42;22;0
2018;Orinda;20,02;9;0;1;7;1;110;30;69;11;0
2018;Orland;7,697;25;0;3;6;16;121;22;82;17;0
2018;Oroville;19,186;112;4;10;32;66;982;152;623;207;9
2018;Oxnard;211,737;801;14;66;327;394;5,055;704;3,568;783;41
2018;Pacifica;39,339;71;0;20;16;35;402;70;304;28;1
2018;Pacific Grove;15,788;23;0;9;2;12;312;44;252;16;0
2018;Palmdale;158,177;591;4;43;161;383;2,442;513;1,426;503;20
2018;Palm Desert;53,567;91;0;6;21;64;1,989;329;1,53;130;4
2018;Palm Springs;48,644;274;3;35;81;155;2,078;522;1,281;275;5
2018;Palo Alto;67,56;72;0;5;30;37;1,513;234;1,197;82;8
2018;Palos Verdes Estates;13,559;6;0;1;4;1;104;33;69;2;0
2018;Paradise;26,755;65;0;15;5;45;279;109;125;45;0
2018;Paramount;55,023;329;3;19;137;170;1,427;213;871;343;5
2018;Parlier;15,356;111;3;9;18;81;335;108;124;103;9
2018;Pasadena;143,448;547;7;47;174;319;2,928;663;1,959;306;22
2018;Paso Robles;32,228;43;0;13;7;23;797;133;610;54;2
2018;Patterson;22,363;53;0;0;8;45;387;45;224;118;2
2018;Perris;79,238;214;5;7;78;124;2;248;1,036;716;5
2018;Petaluma;61,289;197;0;31;27;139;889;153;668;68;6
2018;Pico Rivera;63,602;228;4;9;77;138;1,159;231;614;314;5
2018;Piedmont;11,478;21;0;1;10;10;195;47;124;24;1
2018;Pinole;19,509;70;0;0;29;41;747;83;605;59;2
2018;Pismo Beach;8,323;30;0;3;3;24;439;129;295;15;1
2018;Pittsburg;73,462;422;3;53;130;236;1,679;251;1,01;418;20
2018;Placentia;52,324;120;0;10;20;90;904;243;548;113;2
2018;Placerville;11,018;54;0;17;9;28;278;47;189;42;2
2018;Pleasant Hill;35,252;57;1;3;32;21;1,584;134;1,373;77;1
2018;Pleasanton;84,992;110;0;6;57;47;1,445;156;1,177;112;4
2018;Pomona;153,496;877;17;76;361;423;4,697;903;2,764;1,03;34
2018;Porterville;59,394;209;3;15;52;139;1,561;320;935;306;3
2018;Port Hueneme;22,417;61;0;4;18;39;421;86;280;55;11
2018;Poway;50,346;65;1;11;10;43;509;92;380;37;4
2018;Rancho Cordova;74,863;272;3;26;74;169;1,388;257;934;197;1
2018;Rancho Cucamonga;179,114;290;1;51;112;126;3,854;625;2,831;398;15
2018;Rancho Mirage;18,463;24;0;0;5;19;708;133;513;62;0
2018;Rancho Palos Verdes;42,464;32;0;6;5;21;389;120;240;29;0
2018;Rancho Santa Margarita;48,918;46;0;3;6;37;316;43;261;12;9
2018;Red Bluff;14,315;165;2;24;20;119;719;151;451;117;14
2018;Redding;92,068;620;2;87;96;435;3,433;613;2,281;539;9
2018;Redlands;71,954;264;5;64;82;113;2,491;326;1,842;323;41
2018;Redondo Beach;68,048;171;4;14;53;100;1,452;249;1,071;132;3
2018;Redwood City;88,161;177;0;45;53;79;1,254;172;912;170;8
2018;Reedley;25,809;105;3;13;10;79;289;91;128;70;6
2018;Rialto2;104,173;543;5;45;195;298;3,038;544;1,85;644;20
2018;Richmond;110,982;1,046;17;32;375;622;4,353;383;2,285;1,685;43
2018;Ridgecrest;29,055;171;1;31;15;124;500;123;316;61;13
2018;Rio Dell;3,413;8;0;3;2;3;61;14;41;6;1
2018;Rio Vista;9,268;21;0;2;2;17;118;32;63;23;1
2018;Ripon;15,878;10;0;3;5;2;225;27;184;14;2
2018;Riverbank;25,035;24;0;0;13;11;447;67;326;54;0
2018;Riverside;331,022;1,686;14;150;543;979;10,226;1,47;6,911;1,845;73
2018;Rocklin;65,969;52;0;13;16;23;952;172;699;81;6
2018;Rohnert Park;43,129;222;0;40;22;160;745;112;549;84;4
2018;Rolling Hills;1,885;0;0;0;0;0;5;1;4;0;0
2018;Rolling Hills Estates;8,249;8;1;3;2;2;108;33;67;8;2
2018;Rosemead;54,661;194;1;12;87;94;1,274;288;702;284;5
2018;Roseville;137,706;299;3;28;133;135;3,252;428;2,543;281;21
2018;Ross;2,487;1;0;1;0;0;24;7;17;0;0
2018;Sacramento;507,037;3,329;36;102;1,052;2,139;15,417;2,751;9,783;2,883;146
2018;Salinas;158,59;981;19;100;321;541;4,304;897;2,18;1,227;31
2018;San Bernardino;217,986;2,906;49;153;974;1,73;9,014;2,226;4,594;2,194;75
2018;San Bruno;43,621;123;0;20;38;65;984;116;775;93;19
2018;San Clemente;65,509;114;0;9;28;77;900;140;697;63;3
2018;Sand City;395;8;0;0;3;5;111;8;96;7;0
2018;San Diego;1,436,495;5,36;35;605;1,439;3,281;27,416;3,752;18,482;5,182;187
2018;San Dimas;34,463;80;1;11;22;46;751;152;534;65;6
2018;San Fernando;24,869;102;0;3;37;62;312;51;162;99;0
2018;San Francisco;889,282;6,144;46;354;3,165;2,579;49,214;5,322;39,675;4,217;288
2018;San Gabriel;40,637;136;0;9;51;76;691;172;453;66;3
2018;Sanger;25,287;88;1;15;13;59;362;110;188;64;2
2018;San Jacinto;48,83;132;2;1;70;59;1,461;287;935;239;0
2018;San Jose;1,047,305;4,444;28;615;1,593;2,208;25,753;4,539;13,51;7,704;121
2018;San Juan Capistrano;36,295;84;0;9;12;63;351;96;215;40;1
2018;San Leandro;91,359;473;1;22;299;151;3,584;439;2,333;812;27
2018;San Luis Obispo;47,885;192;1;55;33;103;1,809;242;1,493;74;21
2018;San Marcos;98,088;202;0;18;61;123;1,052;167;740;145;5
2018;San Marino;13,358;11;0;1;2;8;203;84;118;1;3
2018;San Mateo;105,839;285;0;25;88;172;2,163;590;1,36;213;6
2018;San Pablo;31,403;180;0;14;99;67;979;114;531;334;6
2018;San Rafael;59,254;257;2;32;107;116;1,695;277;1,05;368;16
2018;San Ramon;76,569;43;0;4;21;18;786;103;631;52;6
2018;Santa Ana;335,403;1,571;21;230;499;821;6,39;910;3,931;1,549;57
2018;Santa Barbara;92,63;415;1;77;89;248;2,333;261;1,894;178;16
2018;Santa Clara;128,682;208;1;33;74;100;3,741;429;2,86;452;11
2018;Santa Clarita;216,589;292;4;43;94;151;2,437;582;1,56;295;26
2018;Santa Cruz;65,68;390;1;34;66;289;2,905;336;2,308;261;53
2018;Santa Fe Springs;18,241;105;1;6;39;59;991;176;651;164;8
2018;Santa Maria;108,1;497;6;60;159;272;1,932;377;979;576;24
2018;Santa Monica;92,674;797;7;60;278;452;4,732;662;3,835;235;21
2018;Santa Paula;30,456;90;1;3;32;54;458;99;318;41;0
2018;Santa Rosa;176,325;823;3;149;147;524;3,118;547;2,179;392;26
2018;Santee;58,781;109;0;13;31;65;886;113;701;72;11
2018;Saratoga;31,023;22;0;7;6;9;237;97;127;13;1
2018;Sausalito;7,167;9;0;0;0;9;201;13;179;9;1
2018;Scotts Valley;11,998;17;0;6;2;9;191;42;137;12;3
2018;Seal Beach;24,356;39;0;9;20;10;601;70;493;38;14
2018;Seaside;34,303;92;0;13;23;56;445;41;333;71;4
2018;Sebastopol;7,705;15;1;2;5;7;164;71;84;9;0
2018;Selma;24,979;240;3;23;16;198;725;239;344;142;3
2018;Shafter;19,986;44;0;6;8;30;544;138;285;121;12
2018;Sierra Madre;11,055;7;0;0;0;7;95;34;59;2;0
2018;Signal Hill;11,711;86;0;10;37;39;690;107;471;112;4
2018;Simi Valley;127,222;214;0;46;56;112;1,491;253;1,118;120;2
2018;Solana Beach;13,524;23;1;2;3;17;206;62;123;21;0
2018;Soledad;26,313;70;1;5;10;54;101;17;53;31;1
2018;Solvang;6,013;6;0;1;1;4;52;12;35;5;0
2018;Sonoma;11,173;44;0;4;5;35;164;23;133;8;0
2018;Sonora;4,851;27;0;8;8;11;286;40;228;18;5
2018;South El Monte;21,113;126;1;7;33;85;621;145;313;163;5
2018;South Gate;95,57;634;1;34;192;407;2,364;343;1,376;645;15
2018;South Lake Tahoe;22,06;182;3;9;22;148;454;114;279;61;7
2018;South Pasadena;25,924;32;0;2;19;11;522;103;360;59;0
2018;South San Francisco;67,973;181;0;22;56;103;1,444;257;1,002;185;5
2018;Stallion Springs;2,645;1;0;1;0;0;17;2;14;1;0
2018;Stanton;38,618;135;0;10;42;83;618;94;401;123;5
2018;St. Helena;6,251;9;0;0;1;8;47;11;31;5;1
2018;Stockton;313,158;4,383;33;193;1,205;2,952;11,8;2,329;7,417;2,054;191
2018;Suisun City;29,859;93;1;13;18;61;627;54;483;90;5
2018;Sunnyvale;155,637;255;1;43;71;140;2,541;424;1,764;353;8
2018;Susanville;15,017;197;0;8;11;178;274;84;177;13;3
2018;Sutter Creek;2,584;1;0;0;0;1;39;5;29;5;0
2018;Taft;9,449;72;0;1;6;65;338;105;190;43;0
2018;Tehachapi;12,402;82;0;19;12;51;276;71;155;50;3
2018;Temecula;116,411;139;0;4;60;75;2,711;429;1,964;318;2
2018;Temple City;36,484;64;0;7;22;35;472;212;216;44;0
2018;Thousand Oaks;129,319;126;14;30;30;52;1,48;236;1,127;117;4
2018;Tiburon;9,195;7;0;0;2;5;77;15;62;0;0
2018;Torrance;146,968;267;2;35;107;123;2,702;468;1,951;283;9
2018;Tracy;91,988;199;4;31;61;103;2,331;261;1,772;298;17
2018;Truckee;16,609;17;0;2;3;12;143;42;85;16;2
2018;Tulare;64,509;251;3;24;61;163;1,818;325;1,143;350;6
2018;Tulelake;991;0;0;0;0;0;6;1;3;2;0
2018;Turlock;74,267;420;7;29;130;254;2,233;351;1,447;435;45
2018;Tustin;81,243;122;0;15;49;58;1,874;243;1,506;125;5
2018;Twentynine Palms;26,755;81;1;16;16;48;278;111;136;31;7
2018;Ukiah;16,037;95;1;15;11;68;284;76;149;59;26
2018;Union City;76,198;261;1;15;89;156;1,653;246;1,17;237;10
2018;Upland;77,453;290;2;13;109;166;2,072;500;1,297;275;3
2018;Vacaville;101,146;230;2;22;63;143;2,158;163;1,804;191;12
2018;Vallejo;122,974;942;8;103;349;482;4,508;2,456;975;1,077;40
2018;Ventura;111,272;445;2;54;117;272;3,482;481;2,667;334;32
2018;Vernon;113;27;1;1;13;12;383;82;195;106;3
2018;Victorville;123,343;809;9;63;258;479;2,718;631;1,386;701;32
2018;Villa Park;5,904;0;0;0;0;0;57;21;34;2;0
2018;Visalia;134,224;450;3;107;138;202;3,978;748;2,701;529;23
2018;Vista;102,742;330;5;32;104;189;1,497;266;926;305;2
2018;Walnut;30,343;22;0;4;9;9;483;217;228;38;0
2018;Walnut Creek;70,587;109;2;3;35;69;2,249;303;1,812;134;1
2018;Waterford;9,018;20;0;0;6;14;114;27;53;34;0
2018;Watsonville;54,513;243;1;18;50;174;1,33;196;785;349;14
2018;Weed;2,682;26;0;2;4;20;82;13;62;7;0
2018;West Covina;107,806;292;1;25;150;116;2,513;385;1,735;393;8
2018;West Hollywood;37,478;301;3;40;127;131;2,1;240;1,762;98;20
2018;Westlake Village;8,459;12;1;0;6;5;200;36;156;8;1
2018;Westminster;91,821;286;2;26;117;141;2,433;425;1,739;269;8
2018;Westmorland;2,291;12;1;0;0;11;28;6;21;1;1
2018;West Sacramento;54,215;225;1;17;92;115;1,412;224;931;257;15
2018;Wheatland;3,892;3;0;0;0;3;49;9;29;11;1
2018;Whittier;87,055;233;1;23;99;110;2,225;367;1,527;331;11
2018;Wildomar;37,626;48;1;0;19;28;724;136;456;132;0
2018;Williams;5,38;22;0;1;3;18;81;28;43;10;3
2018;Willits;4,875;21;0;10;5;6;72;15;32;25;3
2018;Windsor;27,654;74;0;7;6;61;249;42;190;17;2
2018;Winters;7,371;9;0;2;3;4;118;17;94;7;0
2018;Woodlake;7,7;25;0;2;1;22;107;25;69;13;5
2018;Woodland;60,679;220;1;16;67;136;1,602;252;1,146;204;25
2018;Yorba Linda;68,794;44;0;6;12;26;812;185;561;66;5
2018;Yountville;2,921;2;0;1;0;1;33;5;28;0;0
2018;Yreka;7,573;37;0;2;2;33;221;38;164;19;0
2018;Yuba City;67,035;264;1;35;75;153;1,846;234;1,356;256;11
2018;Yucaipa;54,001;101;0;12;29;60;822;160;473;189;3
2018;Yucca Valley;21,895;85;2;8;21;54;340;83;204;53;5
2019;Adelanto;34,491;276;1;20;42;213;459;136;209;114;14
2019;Agoura Hills;20,49;21;0;6;4;11;306;66;223;17;0
2019;Alameda;78,907;162;0;7;94;61;2,579;218;1,958;403;29
2019;Albany;20,083;40;0;8;21;11;685;105;534;46;1
2019;Alhambra;84,837;161;2;11;89;59;1,749;259;1,303;187;8
2019;Aliso Viejo;52,247;27;1;3;13;10;433;57;351;25;1
2019;Alturas;2,471;10;0;2;1;7;30;14;13;3;0
2019;American Canyon;20,452;53;0;7;7;39;454;59;368;27;3
2019;Anaheim;353,915;1,12;8;141;396;575;8,258;1,123;5,904;1,231;44
2019;Anderson;10,545;61;1;5;12;43;363;63;208;92;1
2019;Angels Camp;3,909;6;0;2;1;3;74;19;45;10;0
2019;Antioch;112,641;648;12;55;238;343;3,199;511;2,078;610;59
2019;Apple Valley;74,051;339;4;19;68;248;1,105;230;660;215;11
2019;Arcadia;58,899;84;1;10;35;38;1,348;301;973;74;3
2019;Arcata;18,332;72;1;12;16;43;605;122;425;58;21
2019;Arroyo Grande;18,188;27;0;2;7;18;275;35;219;21;3
2019;Artesia;16,779;72;1;2;28;41;284;90;161;33;0
2019;Arvin;21,811;196;3;3;16;174;437;115;178;144;16
2019;Atascadero;30,579;65;0;7;7;51;493;96;360;37;3
2019;Atherton;7,222;12;0;2;4;6;110;32;74;4;0
2019;Atwater;29,632;206;1;10;22;173;1,031;140;708;183;0
2019;Auburn;14,201;50;0;8;5;37;237;72;146;19;5
2019;Avalon;3,722;10;0;2;0;8;40;7;28;5;0
2019;Avenal;12,991;69;0;7;3;59;58;26;28;4;0
2019;Azusa;50,405;144;5;17;46;76;959;174;646;139;12
2019;Bakersfield;388,08;1,766;34;116;701;915;16,074;3,888;9,277;2,909;470
2019;Baldwin Park;75,862;188;1;24;50;113;1,11;196;606;308;5
2019;Banning;31,45;136;2;16;27;91;532;179;210;143;0
2019;Barstow;24,121;274;5;10;82;177;986;285;527;174;37
2019;Bear Valley;5,507;11;0;7;0;4;44;6;36;2;0
2019;Beaumont;50,99;92;2;14;38;38;922;178;548;196;11
2019;Bell;35,759;168;0;11;37;120;441;127;224;90;0
2019;Bellflower;77,196;327;1;29;107;190;1,506;326;860;320;7
2019;Bell Gardens;42,366;147;0;4;69;74;630;78;334;218;4
2019;Belmont;27,272;45;1;8;1;35;392;50;312;30;2
2019;Belvedere;2,114;1;0;0;0;1;15;2;13;0;0
2019;Benicia;28,471;16;0;1;13;2;377;72;250;55;2
2019;Berkeley;122,788;618;0;74;369;175;6,256;771;4,993;492;17
2019;Beverly Hills;34,211;103;1;6;52;44;1,499;257;1,197;45;6
2019;Big Bear;5,311;76;0;7;4;65;135;30;92;13;0
2019;Biggs;1,726;3;0;1;0;2;17;3;10;4;0
2019;Bishop;3,731;34;0;9;6;19;183;29;150;4;0
2019;Blythe;19,889;92;0;7;29;56;644;177;434;33;44
2019;Bradbury;1,089;1;0;0;1;0;10;2;6;2;0
2019;Brawley;26,379;121;2;4;8;107;618;95;468;55;15
2019;Brea;44,155;72;0;10;29;33;1,45;169;1,209;72;3
2019;Brentwood;65,483;166;0;16;67;83;1,335;142;1,095;98;11
2019;Brisbane;4,746;10;0;2;0;8;137;64;52;21;1
2019;Broadmoor;4,446;11;0;2;7;2;82;15;55;12;0
2019;Buellton;5,142;3;0;0;0;3;54;15;31;8;0
2019;Buena Park;82,627;246;1;15;91;139;2,061;230;1,567;264;1
2019;Burbank;103,738;189;1;11;54;123;2,617;299;2,107;211;4
2019;Burlingame;30,677;74;0;9;25;40;1,185;162;937;86;4
2019;Calabasas;24,016;35;1;6;15;13;331;81;226;24;1
2019;Calexico;40,327;94;0;3;21;70;894;244;470;180;56
2019;California City;14,319;83;0;13;15;55;281;102;120;59;3
2019;Calimesa;9,073;22;0;0;7;15;280;51;193;36;0
2019;Calistoga;5,341;6;0;0;0;6;70;7;54;9;0
2019;Camarillo;69,628;58;0;22;16;20;817;100;676;41;2
2019;Campbell;42,697;89;0;22;21;46;1,357;209;990;158;13
2019;Canyon Lake;11,353;15;0;0;1;14;74;15;47;12;0
2019;Capitola;10,101;30;0;3;6;21;528;53;454;21;2
2019;Carlsbad;117,22;240;3;40;39;158;2,135;297;1,671;167;11
2019;Carmel;3,877;11;0;0;0;11;103;20;81;2;0
2019;Carpinteria;13,514;11;1;0;3;7;155;19;116;20;0
2019;Carson;91,947;444;5;31;122;286;2,004;328;1,277;399;14
2019;Cathedral City;55,346;144;7;19;48;70;602;182;227;193;4
2019;Central Marin;34,793;32;0;6;10;16;1,094;360;684;50;0
2019;Ceres;49,134;209;1;12;59;137;1,158;239;628;291;20
2019;Cerritos;50,642;127;1;10;65;51;1,634;314;1,198;122;0
2019;Chico;95,826;557;0;100;104;353;2,406;272;1,753;381;48
2019;Chino;93,348;329;3;35;96;195;2,224;376;1,649;199;5
2019;Chino Hills;84,577;95;1;10;20;64;891;222;606;63;5
2019;Chowchilla;18,792;39;0;2;3;34;234;71;109;54;7
2019;Chula Vista;275,23;904;3;61;265;575;3,816;486;2,503;827;36
2019;Citrus Heights;88,496;313;1;46;76;190;2,248;372;1,607;269;7
2019;Claremont;36,681;51;0;6;23;22;774;191;552;31;7
2019;Clayton;12,356;1;0;0;1;0;155;14;137;4;0
2019;Clearlake;15,4;119;1;19;36;63;460;146;210;104;11
2019;Cloverdale;8,91;16;0;1;0;15;116;25;87;4;1
2019;Clovis;114,17;243;0;54;32;157;2,276;307;1,81;159;6
2019;Coachella;46,485;126;0;9;43;74;894;135;580;179;5
2019;Coalinga;16,356;41;0;2;4;35;217;38;159;20;4
2019;Colma;1,512;28;0;0;20;8;325;36;263;26;2
2019;Colton;55,059;215;1;9;103;102;1,517;317;836;364;8
2019;Colusa;5,903;6;0;4;1;1;78;28;34;16;0
2019;Commerce;12,804;138;1;5;49;83;1,004;128;624;252;16
2019;Compton;96,638;1,104;18;40;427;619;2,346;334;1,285;727;44
2019;Concord;130,615;541;2;67;234;238;4,56;434;3,512;614;23
2019;Corcoran;21,353;118;1;8;12;97;272;65;157;50;5
2019;Corning;7,537;28;0;6;4;18;211;51;127;33;1
2019;Corona;170,875;291;4;43;103;141;3,482;646;2,251;585;28
2019;Coronado;21,115;9;0;1;7;1;324;34;276;14;2
2019;Costa Mesa;114,047;312;0;52;104;156;3,739;450;2,934;355;16
2019;Cotati;7,641;40;1;6;5;28;95;15;68;12;1
2019;Covina;47,985;171;2;25;43;101;1,189;239;779;171;11
2019;Crescent City;6,716;23;0;2;8;13;311;59;238;14;6
2019;Cudahy;23,828;89;2;2;29;56;214;39;111;64;3
2019;Culver City;39,252;182;0;2;102;78;1,647;172;1,38;95;1
2019;Cupertino;60,357;55;1;6;14;34;1,018;175;803;40;1
2019;Cypress;49,085;52;1;7;21;23;596;98;424;74;2
2019;Daly City;107,748;232;0;44;91;97;1,868;170;1,517;181;12
2019;Dana Point;33,779;52;0;0;18;34;399;61;311;27;0
2019;Danville;44,997;23;1;5;7;10;296;36;247;13;1
2019;Davis;69,767;107;2;21;44;40;2,19;274;1,816;100;4
2019;Delano;53,002;205;8;8;33;156;1,118;203;603;312;40
2019;Del Mar;4,369;7;0;1;2;4;67;17;37;13;0
2019;Del Rey Oaks;1,674;7;0;0;6;1;39;8;30;1;0
2019;Desert Hot Springs;29,107;255;5;13;59;178;680;301;216;163;4
2019;Diamond Bar;56,364;72;1;4;25;42;908;282;574;52;2
2019;Dinuba;24,685;161;1;5;25;130;530;58;405;67;20
2019;Dixon;20,775;54;0;4;14;36;389;35;284;70;3
2019;Dorris;897;4;0;0;0;4;11;8;2;1;0
2019;Dos Palos;5,594;64;0;0;2;62;169;36;89;44;3
2019;Downey;112,33;352;4;30;151;167;2,473;344;1,566;563;4
2019;Duarte;21,55;55;0;2;10;43;305;48;215;42;1
2019;Dublin;66,072;107;0;7;43;57;1,259;114;1,052;93;3
2019;Dunsmuir;1,564;14;0;4;0;10;18;6;11;1;0
2019;East Palo Alto;29,686;144;1;22;57;64;533;67;360;106;6
2019;Eastvale;66,31;83;0;3;23;57;944;151;676;117;0
2019;El Cajon;103,686;552;3;38;201;310;2,046;371;1,316;359;15
2019;El Centro;44,303;143;3;9;41;90;1,184;228;861;95;7
2019;El Cerrito;25,857;152;1;4;91;56;1,3;166;1,054;80;7
2019;Elk Grove;175,492;372;0;35;114;223;2,599;292;2,107;200;10
2019;El Monte;115,83;304;2;34;126;142;1,787;347;1,046;394;17
2019;El Segundo;16,727;82;0;5;30;47;625;164;387;74;1
2019;Emeryville;12,38;166;0;12;114;40;2,623;95;2,415;113;3
2019;Encinitas;63,32;86;2;10;15;59;605;115;422;68;1
2019;Escalon;7,644;16;0;1;0;15;135;25;102;8;1
2019;Escondido;153,215;536;4;51;143;338;2,373;379;1,599;395;8
2019;Etna;716;2;0;1;0;1;0;0;0;0;0
2019;Eureka;26,973;195;3;29;63;100;1,35;187;977;186;24
2019;Exeter;10,557;26;0;5;5;16;265;52;188;25;1
2019;Fairfax;7,569;9;0;3;0;6;92;13;77;2;0
2019;Fairfield;118,383;442;5;48;162;227;3,782;359;2,78;643;23
2019;Farmersville;10,781;35;0;0;5;30;190;24;138;28;3
2019;Ferndale;1,363;4;0;0;0;4;24;2;17;5;0
2019;Fillmore;15,911;20;0;5;3;12;123;24;89;10;4
2019;Firebaugh;8,433;11;0;2;2;7;103;15;51;37;0
2019;Folsom;79,927;82;0;12;29;41;1,484;278;1,127;79;3
2019;Fontana;215,883;739;6;83;206;444;3,094;483;1,846;765;9
2019;Fort Bragg;7,366;32;0;5;7;20;316;38;262;16;1
2019;Fort Jones;690;2;0;1;0;1;34;12;21;1;0
2019;Fortuna;12,317;28;0;2;9;17;317;50;231;36;7
2019;Foster City;34,624;39;0;10;8;21;425;63;341;21;2
2019;Fountain Valley;55,858;53;0;5;23;25;1,163;163;914;86;7
2019;Fowler;6,904;29;1;2;5;21;104;42;43;19;0
2019;Fremont;240,887;400;1;36;159;204;4,523;547;3,408;568;17
2019;Fullerton;140,194;373;2;80;108;183;3,157;318;2,479;360;13
2019;Galt;26,796;77;0;10;15;52;449;71;340;38;7
2019;Gardena;59,833;324;3;20;131;170;1,202;236;658;308;6
2019;Garden Grove;172,832;505;6;54;185;260;3,909;627;2,778;504;17
2019;Gilroy;60,106;251;5;37;69;140;1,479;186;1,034;259;23
2019;Glendale;202,601;231;5;16;93;117;3,305;480;2,562;263;13
2019;Glendora;52,211;155;1;21;38;95;1,501;187;1,241;73;6
2019;Goleta;30,93;40;0;2;6;32;509;114;355;40;0
2019;Gonzales;8,408;17;0;1;4;12;73;12;40;21;1
2019;Grand Terrace;12,651;37;1;4;8;24;237;55;149;33;4
2019;Grass Valley;12,919;73;3;0;6;64;463;76;326;61;1
2019;Greenfield;17,809;54;1;9;9;35;165;31;98;36;12
2019;Gridley;6,618;29;0;15;3;11;205;47;136;22;3
2019;Grover Beach;13,574;13;0;3;1;9;239;56;151;32;1
2019;Guadalupe;7,696;15;0;2;3;10;82;32;34;16;2
2019;Gustine;5,896;21;0;2;4;15;116;32;54;30;3
2019;Hanford;57,232;257;0;18;40;199;1,242;131;900;211;15
2019;Hawaiian Gardens;14,32;76;0;5;24;47;225;68;101;56;3
2019;Hawthorne;87,305;636;3;34;190;409;1,485;199;930;356;7
2019;Hayward;161,588;552;5;54;275;218;4,886;448;3,197;1,241;27
2019;Healdsburg;12,208;17;1;1;3;12;176;17;142;17;0
2019;Hemet;86,082;343;5;23;121;194;2,877;757;1,547;573;21
2019;Hercules;25,789;31;0;5;15;11;341;31;278;32;0
2019;Hermosa Beach;19,46;51;0;7;9;35;449;97;326;26;4
2019;Hesperia;95,915;462;8;35;111;308;1,664;443;893;328;17
2019;Hidden Hills;1,903;1;0;1;0;0;18;10;7;1;0
2019;Highland;55,686;362;7;19;90;246;906;167;511;228;8
2019;Hillsborough;11,521;5;0;0;1;4;97;46;49;2;0
2019;Hollister;40,399;114;1;15;27;71;311;61;174;76;5
2019;Holtville;6,774;14;0;1;2;11;70;13;53;4;4
2019;Hughson;7,671;5;0;0;0;5;46;8;29;9;0
2019;Huntington Beach;201,843;386;2;61;99;224;4,144;535;3,28;329;22
2019;Huntington Park;58,181;458;3;31;249;175;1,595;214;861;520;9
2019;Huron;7,359;83;0;1;10;72;56;13;25;18;13
2019;Imperial;18,09;5;0;0;1;4;56;10;36;10;0
2019;Imperial Beach;27,583;72;0;5;16;51;331;57;195;79;1
2019;Indian Wells;5,5;13;0;1;2;10;138;44;89;5;0
2019;Indio;92,803;530;1;45;118;366;1,88;304;1,218;358;6
2019;Industry;201;72;0;1;41;30;1,18;156;899;125;7
2019;Inglewood;109,386;671;2;51;358;260;2,321;308;1,356;657;8
2019;Ione;8,454;11;0;1;1;9;46;9;35;2;0
2019;Irvine;292,673;188;1;52;66;69;3,823;574;3,086;163;9
2019;Irwindale;1,469;26;0;1;8;17;240;73;139;28;3
2019;Isleton;849;7;1;0;0;6;4;1;2;1;0
2019;Jackson;4,797;30;0;3;0;27;133;15;107;11;9
2019;Jurupa Valley;110,111;317;6;7;86;218;2,494;406;1,346;742;8
2019;Kensington;5,407;5;0;1;1;3;48;15;25;8;0
2019;Kerman;15,223;23;0;3;4;16;308;58;214;36;0
2019;King City;14,17;19;0;3;9;7;148;43;80;25;10
2019;Kingsburg;12,123;18;0;2;3;13;219;76;107;36;1
2019;La Canada Flintridge;20,223;15;0;2;6;7;323;114;198;11;0
2019;Lafayette;26,872;4;0;1;3;0;358;42;286;30;0
2019;Laguna Beach;23,02;38;1;17;5;15;326;43;261;22;3
2019;Laguna Hills;31,123;32;0;3;15;14;405;82;288;35;2
2019;Laguna Niguel;66,671;43;1;9;12;21;607;105;463;39;2
2019;Laguna Woods;16,043;7;0;0;2;5;124;20;96;8;0
2019;La Habra;62,416;140;0;20;41;79;1,122;188;789;145;0
2019;La Habra Heights;5,357;4;0;0;1;3;79;29;45;5;1
2019;Lake Elsinore;70,262;173;3;3;43;124;2,005;233;1,409;363;4
2019;Lake Forest;86,691;66;1;7;14;44;684;108;503;73;2
2019;Lakeport;4,959;34;0;3;7;24;160;29;110;21;0
2019;Lake Shastina;2,566;3;0;0;0;3;10;2;6;2;0
2019;Lakewood;80,151;222;0;20;104;98;1,846;303;1,354;189;3
2019;La Mesa;59,865;174;1;22;76;75;1;138;715;147;2
2019;La Mirada;48,702;86;0;6;28;52;701;145;463;93;3
2019;Lancaster;159,335;1,359;7;114;374;864;3,346;792;1,916;638;49
2019;La Palma;15,571;17;0;1;7;9;302;41;242;19;1
2019;La Puente;39,916;151;3;6;53;89;449;75;248;126;5
2019;La Quinta;42,044;68;5;5;17;41;1,032;158;809;65;1
2019;La Verne;32,344;51;1;6;13;31;627;133;447;47;2
2019;Lawndale;32,751;125;1;6;40;78;411;83;228;100;4
2019;Lemon Grove;27,175;167;2;4;54;107;552;67;365;120;1
2019;Lemoore;26,728;126;1;17;14;94;372;71;264;37;6
2019;Lincoln;48,625;32;0;4;4;24;468;78;351;39;2
2019;Lindsay;13,708;69;0;5;13;51;250;48;119;83;8
2019;Livermore;91,418;193;2;30;39;122;1,554;139;1,279;136;4
2019;Livingston;14,607;40;0;1;11;28;315;85;164;66;0
2019;Lodi;67,612;237;3;16;88;130;1,658;358;1,016;284;15
2019;Loma Linda;24,512;77;0;7;17;53;559;125;336;98;5
2019;Lomita;20,553;67;0;4;26;37;254;53;161;40;2
2019;Lompoc;42,818;291;7;29;32;223;1,057;238;583;236;18
2019;Long Beach;467,974;2,369;34;249;958;1,128;11,297;2,185;6,754;2,358;153
2019;Los Alamitos;11,541;6;0;1;3;2;130;41;73;16;1
2019;Los Altos;30,716;21;0;3;4;14;310;107;181;22;3
2019;Los Altos Hills;8,622;3;0;1;0;2;67;29;38;0;0
2019;Los Angeles;4,015,546;29,4;258;2,274;9,652;17,216;95,704;13,809;66,253;15,642;1,672
2019;Los Banos;40,607;143;2;12;36;93;886;231;506;149;5
2019;Los Gatos;30,793;14;0;2;6;6;419;57;332;30;0
2019;Lynwood;70,619;454;1;21;218;214;1,419;189;723;507;14
2019;Madera;66,25;334;2;32;77;223;1,301;235;824;242;10
2019;Malibu;12,794;44;1;5;16;22;416;86;311;19;3
2019;Mammoth Lakes;8,114;42;0;15;1;26;131;17;105;9;2
2019;Manhattan Beach;35,583;55;0;5;33;17;851;160;648;43;1
2019;Manteca;83,523;199;3;27;66;103;1,848;239;1,327;282;18
2019;Marina;22,911;43;0;6;10;27;361;67;242;52;1
2019;Martinez;38,692;83;0;17;26;40;570;99;386;85;11
2019;Marysville;12,572;116;2;20;23;71;541;81;324;136;9
2019;Maywood;27,286;90;2;7;23;58;296;60;143;93;3
2019;McFarland;15,529;67;3;14;9;41;163;52;53;58;21
2019;Mendota;11,433;83;1;4;4;74;155;45;50;60;1
2019;Menifee;94,595;145;2;4;47;92;1,892;269;1,273;350;0
2019;Menlo Park;34,871;50;0;16;13;21;774;110;633;31;0
2019;Merced;83,854;540;5;34;103;398;2,342;396;1,439;507;70
2019;Mill Valley;14,343;20;0;1;9;10;223;36;177;10;1
2019;Milpitas;82,344;102;2;15;48;37;2,193;201;1,791;201;2
2019;Mission Viejo;95,453;65;1;8;22;34;866;121;689;56;5
2019;Modesto;216,542;1,758;13;94;399;1,252;7,183;1,149;4,849;1,185;95
2019;Monrovia;36,73;43;1;9;16;17;845;87;686;72;10
2019;Montague;1,399;8;0;1;0;7;32;15;13;4;0
2019;Montclair;39,787;234;2;35;70;127;1,469;355;868;246;24
2019;Montebello;62,65;178;0;11;90;77;1,448;480;580;388;81
2019;Monterey;28,337;78;0;11;23;44;975;127;774;74;4
2019;Monterey Park;60,424;126;0;7;59;60;1,355;267;929;159;0
2019;Monte Sereno;3,507;0;0;0;0;0;12;2;9;1;0
2019;Moorpark;36,826;26;0;7;7;12;228;34;183;11;0
2019;Moraga;17,908;23;0;1;3;19;124;36;79;9;3
2019;Moreno Valley;210,979;847;15;19;290;523;5,534;966;3,489;1,079;9
2019;Morgan Hill;46,118;52;2;3;14;33;703;102;507;94;0
2019;Morro Bay;10,624;21;0;1;3;17;127;15;102;10;0
2019;Mountain View;84,599;165;0;20;49;96;2,463;321;2,03;112;6
2019;Mount Shasta;3,274;12;1;0;2;9;35;5;24;6;0
2019;Murrieta;116,413;77;3;19;26;29;1,512;206;1,08;226;4
2019;Napa;79,526;280;1;66;55;158;1,232;248;847;137;46
2019;National City;61,791;364;0;26;130;208;1,123;114;735;274;5
2019;Needles;5,001;71;1;4;6;60;174;66;97;11;10
2019;Nevada City;3,15;15;0;4;1;10;89;26;49;14;1
2019;Newark;48,945;85;0;13;40;32;1,399;187;1,09;122;6
2019;Newman;11,844;16;0;2;3;11;113;25;68;20;1
2019;Newport Beach;85,325;135;5;29;32;69;1,764;273;1,344;147;7
2019;Norco;26,557;49;0;3;14;32;669;136;434;99;0
2019;Norwalk;105,067;432;5;21;138;268;1,571;343;922;306;18
2019;Novato;56,134;148;0;6;26;116;890;102;711;77;3
2019;Oakdale;23,808;40;1;5;9;25;531;99;342;90;0
2019;Oakland;434,036;5,52;78;372;2,859;2,211;27,868;2,599;20,228;5,041;207
2019;Oakley;43,014;51;0;7;17;27;497;74;336;87;3
2019;Oceanside;177,129;712;4;97;163;448;3,736;426;2,858;452;23
2019;Ojai;7,499;8;0;5;0;3;74;15;56;3;1
2019;Ontario;183,322;659;10;85;223;341;4,29;710;2,652;928;31
2019;Orange;139,83;180;3;18;76;83;2,184;387;1,546;251;7
2019;Orange Cove;9,635;18;0;0;2;16;61;12;38;11;0
2019;Orinda;20,071;17;5;2;7;3;195;52;125;18;0
2019;Orland;7,679;33;0;4;8;21;134;23;86;25;0
2019;Oroville;19,268;122;2;24;30;66;822;176;435;211;19
2019;Oxnard;211,349;724;13;62;275;374;4,242;670;2,987;585;48
2019;Pacifica;38,938;79;1;22;14;42;533;81;408;44;2
2019;Pacific Grove;15,605;14;0;1;1;12;169;27;136;6;0
2019;Palmdale;157,138;658;8;55;194;401;2,23;447;1,384;399;17
2019;Palm Desert;53,776;136;3;7;24;102;1,848;338;1,382;128;6
2019;Palm Springs;48,846;267;7;38;66;156;1,966;502;1,21;254;4
2019;Palo Alto;66,938;86;1;10;46;29;1,983;179;1,722;82;8
2019;Palos Verdes Estates;13,4;4;0;0;1;3;88;36;49;3;0
2019;Paradise;26,879;22;0;5;1;16;202;83;51;68;1
2019;Paramount;54,422;347;4;16;151;176;1,246;187;775;284;6
2019;Parlier;15,384;62;0;2;9;51;179;24;106;49;7
2019;Pasadena;141,913;613;4;46;147;416;2,866;570;2,036;260;34
2019;Paso Robles;32,528;53;0;9;13;31;646;78;523;45;3
2019;Patterson;22,584;46;0;6;14;26;434;81;249;104;3
2019;Perris;80,5;262;4;6;97;155;2,071;268;1,248;555;5
2019;Petaluma;62,425;190;3;22;28;137;789;109;626;54;9
2019;Pico Rivera;62,88;234;3;16;67;148;1,052;198;581;273;11
2019;Piedmont;11,307;14;0;3;5;6;227;46;162;19;1
2019;Pinole;19,439;59;0;2;17;40;866;77;726;63;0
2019;Pismo Beach;8,285;29;0;0;6;23;341;89;236;16;1
2019;Pittsburg;73,637;446;7;41;157;241;1,66;256;983;421;19
2019;Placentia;51,756;192;0;13;28;151;889;275;511;103;0
2019;Placerville;11,123;39;0;2;6;31;281;67;164;50;0
2019;Pleasant Hill;35,125;88;0;11;41;36;1,484;112;1,276;96;6
2019;Pleasanton;84,017;112;0;12;56;44;1,632;149;1,386;97;4
2019;Pomona;152,776;940;12;101;342;485;4,208;816;2,529;863;15
2019;Porterville;60,209;192;2;7;47;136;1,297;213;835;249;3
2019;Port Hueneme;22,232;43;0;5;14;24;415;63;305;47;3
2019;Poway;49,928;51;2;2;12;35;490;91;354;45;1
2019;Rancho Cordova;75,869;225;5;12;56;152;1,422;233;1,004;185;4
2019;Rancho Cucamonga;179,247;500;4;39;108;349;3,456;590;2,56;306;13
2019;Rancho Mirage;18,481;45;0;1;7;37;628;120;459;49;0
2019;Rancho Palos Verdes;41,961;29;2;3;2;22;313;102;199;12;1
2019;Rancho Santa Margarita;48,377;30;0;4;12;14;296;34;250;12;0
2019;Red Bluff;14,308;133;1;26;14;92;787;205;467;115;21
2019;Redlands;71,941;257;1;40;70;146;2,108;330;1,534;244;20
2019;Redondo Beach;67,473;160;1;5;53;101;1,37;260;992;118;1
2019;Redwood City;87,427;189;0;32;70;87;1,343;165;1,014;164;13
2019;Reedley;25,74;117;1;7;12;97;235;69;117;49;5
2019;Rialto;103,965;595;8;65;185;337;3,149;403;2,179;567;16
2019;Richmond;110,988;1,034;16;36;307;675;4,188;469;2,48;1,239;36
2019;Ridgecrest;29,101;142;3;31;7;101;401;119;243;39;4
2019;Rio Dell;3,392;11;1;1;1;8;61;21;36;4;1
2019;Rio Vista;9,502;11;0;2;3;6;140;31;87;22;0
2019;Ripon;16,103;13;0;6;4;3;248;23;206;19;0
2019;Riverbank;25,045;24;1;3;7;13;375;49;273;53;3
2019;Riverside;333,26;1,686;17;139;476;1,054;9,79;1,302;6,997;1,491;75
2019;Rocklin;68,554;67;0;22;13;32;983;168;738;77;6
2019;Rohnert Park;44,131;267;0;28;28;211;786;93;615;78;8
2019;Rolling Hills;1,868;1;0;0;0;1;8;6;2;0;0
2019;Rolling Hills Estates;8,151;10;0;0;3;7;126;35;82;9;1
2019;Rosemead;54,489;175;1;11;74;89;942;196;552;194;8
2019;Roseville;141,744;259;4;32;96;127;3,154;389;2,518;247;19
2019;Ross;2,47;2;0;0;0;2;25;5;19;1;0
2019;Sacramento;513,934;3,223;34;127;1,039;2,023;16,354;2,993;10,644;2,717;179
2019;Salinas;156,943;782;8;66;241;467;3,532;742;1,709;1,081;26
2019;San Bernardino;216,715;2,858;46;140;906;1,766;9,081;2,029;4,974;2,078;75
2019;San Bruno;43,297;138;0;17;34;87;1,139;116;948;75;5
2019;San Clemente;65,018;87;1;3;29;54;918;160;700;58;4
2019;Sand City;407;9;0;0;2;7;77;4;70;3;0
2019;San Diego;1,441,737;5,215;50;561;1,346;3,258;27,141;3,543;18,426;5,172;122
2019;San Dimas;34,059;78;0;15;15;48;833;113;659;61;1
2019;San Fernando;24,621;80;1;4;25;50;243;52;112;79;2
2019;San Francisco;886,007;5,933;40;324;3,055;2,514;48,78;4,644;39,887;4,249;275
2019;San Gabriel;40,422;98;0;2;58;38;715;202;468;45;3
2019;Sanger;25,443;156;0;9;15;132;304;59;178;67;0
2019;San Jacinto;49,452;108;2;1;68;37;1,637;334;1,018;285;5
2019;San Jose;1,040,008;4,559;32;671;1,339;2,517;25,164;4,114;14,924;6,126;135
2019;San Juan Capistrano;36,209;63;2;4;20;37;297;69;201;27;2
2019;San Leandro;90,297;454;0;18;283;153;4,105;375;2,941;789;16
2019;San Luis Obispo;47,735;192;0;44;34;114;1,738;277;1,387;74;25
2019;San Marcos;98,598;193;0;17;46;130;955;163;649;143;3
2019;San Marino;13,196;14;0;1;3;10;208;77;126;5;0
2019;San Mateo;106,02;266;2;45;68;151;2,217;516;1,523;178;9
2019;San Pablo;31,336;194;2;7;102;83;1,009;101;589;319;11
2019;San Rafael;58,819;230;0;23;87;120;1,686;299;1,173;214;13
2019;San Ramon;76,387;58;0;4;21;33;1,099;179;869;51;3
2019;Santa Ana;333,664;1,453;13;207;472;761;6,808;854;4,611;1,343;49
2019;Santa Barbara;91,717;400;2;72;82;244;2,118;254;1,686;178;15
2019;Santa Clara;131,173;214;0;35;73;106;4,748;363;4,013;372;18
2019;Santa Clarita;218,103;277;2;49;89;137;2,059;392;1,448;219;17
2019;Santa Cruz;65,263;389;0;29;88;272;2,932;348;2,363;221;34
2019;Santa Fe Springs;18,041;105;2;10;42;51;1,035;205;654;176;6
2019;Santa Monica;91,621;664;3;40;247;374;3,964;577;3,143;244;19
2019;Santa Paula;30,098;91;2;6;21;62;404;103;272;29;3
2019;Santa Rosa;177,884;857;3;146;126;582;2,874;486;2,077;311;28
2019;Santee;58,701;98;0;8;29;61;806;74;659;73;7
2019;Saratoga;30,666;16;0;4;2;10;240;104;122;14;5
2019;Sausalito;7,118;7;0;0;1;6;258;21;224;13;0
2019;Scotts Valley;11,875;13;0;2;1;10;141;31;102;8;2
2019;Seal Beach;24,12;19;0;1;10;8;551;62;458;31;0
2019;Seaside;34,036;78;3;11;12;52;439;44;329;66;5
2019;Sebastopol;7,815;21;0;3;7;11;177;51;110;16;2
2019;Selma;24,983;85;3;6;25;51;605;204;280;121;0
2019;Shafter;20,456;53;0;3;9;41;513;127;298;88;8
2019;Sierra Madre;10,917;15;0;1;0;14;79;29;46;4;0
2019;Signal Hill;11,624;95;0;1;27;67;678;110;491;77;3
2019;Simi Valley;126,025;146;1;15;35;95;1,188;208;889;91;7
2019;Solana Beach;13,44;13;0;3;4;6;173;39;115;19;0
2019;Soledad;26,015;53;0;4;14;35;136;24;83;29;5
2019;Solvang;5,962;10;0;0;2;8;68;18;46;4;0
2019;Sonoma;11,323;38;0;6;1;31;122;21;95;6;1
2019;Sonora;4,867;26;0;6;6;14;269;69;180;20;4
2019;South El Monte;20,852;102;1;11;32;58;500;132;254;114;3
2019;South Gate;94,445;622;4;21;179;418;2,754;351;1,663;740;26
2019;South Lake Tahoe;22,116;111;2;10;20;79;449;79;335;35;0
2019;South Pasadena;25,612;29;0;2;11;16;566;94;434;38;0
2019;South San Francisco;68,251;166;2;19;64;81;1,484;230;1,074;180;7
2019;Stallion Springs;2,648;7;1;1;0;5;19;5;13;1;0
2019;Stanton;38,276;95;3;10;31;51;526;83;344;99;7
2019;St. Helena;6,195;12;0;1;1;10;67;21;43;3;0
2019;Stockton;313,604;4,38;34;181;1,158;3,007;12,367;2,209;8,48;1,678;128
2019;Suisun City;29,922;114;0;11;35;68;664;69;479;116;11
2019;Sunnyvale;154,859;259;0;37;84;138;3,38;458;2,598;324;32
2019;Susanville;14,878;196;0;7;10;179;207;45;157;5;0
2019;Sutter Creek;2,624;3;0;1;0;2;44;8;30;6;2
2019;Taft;9,413;67;0;6;4;57;244;70;149;25;0
2019;Tehachapi;12,211;60;2;8;7;43;327;70;231;26;0
2019;Temecula;116,63;166;1;8;72;85;2,626;318;2,018;290;5
2019;Temple City;36,192;64;1;7;23;33;331;122;175;34;1
2019;Thousand Oaks;127,811;88;0;27;23;38;1,392;244;1,084;64;2
2019;Tiburon;9,135;0;0;0;0;0;82;13;67;2;0
2019;Torrance;145,183;280;3;26;114;137;2,853;399;2,161;293;12
2019;Tracy;92,895;166;5;35;62;64;1,843;156;1,411;276;14
2019;Truckee;16,611;31;0;3;4;24;114;36;66;12;1
2019;Tulare;65,134;261;4;27;69;161;1,469;225;951;293;11
2019;Tulelake;985;3;0;1;0;2;4;1;3;0;0
2019;Turlock;74,12;426;1;29;138;258;2,323;402;1,483;438;34
2019;Tustin;80,356;141;1;16;61;63;2,118;241;1,694;183;6
2019;Twentynine Palms;26,588;117;0;10;15;92;265;96;134;35;4
2019;Ukiah;16,197;110;1;9;24;76;298;117;147;34;23
2019;Union City;75,202;277;2;8;79;188;1,718;192;1,3;226;9
2019;Upland;77,398;298;3;20;107;168;1,821;368;1,206;247;11
2019;Vacaville;101,147;331;3;47;80;201;2,442;162;2,12;160;8
2019;Vallejo;122,657;1,037;12;138;336;551;4,941;2,888;1,148;905;52
2019;Ventura;111,596;458;3;56;106;293;2,969;353;2,362;254;7
2019;Vernon;112;27;0;1;12;14;485;133;272;80;5
2019;Victorville;123,089;988;5;45;255;683;2,271;590;1,061;620;21
2019;Villa Park;5,84;4;0;0;0;4;44;9;35;0;0
2019;Visalia;134,961;586;4;111;159;312;3,9;747;2,627;526;20
2019;Vista;102,227;354;2;38;93;221;1,438;251;945;242;6
2019;Walnut;30,108;38;0;4;14;20;386;152;207;27;0
2019;Walnut Creek;70,546;120;0;6;40;74;2,496;307;2,034;155;4
2019;Waterford;9,021;13;0;1;5;7;143;17;76;50;0
2019;Watsonville;54,261;328;1;37;53;237;971;148;589;234;8
2019;Weed;2,673;34;0;3;4;27;55;8;38;9;0
2019;West Covina;106,335;260;6;21;129;104;2,369;354;1,66;355;15
2019;West Hollywood;37,173;294;0;24;139;131;1,898;215;1,566;117;9
2019;Westlake Village;8,358;13;0;5;6;2;189;44;140;5;0
2019;Westminster;91,086;259;0;19;122;118;2,611;511;1,824;276;22
2019;West Sacramento;54,372;212;1;34;79;98;1,603;236;1,158;209;26
2019;Wheatland;3,94;6;0;0;1;5;43;8;26;9;0
2019;Whittier;86,158;213;1;27;93;92;1,901;318;1,278;305;7
2019;Wildomar;37,939;61;0;1;12;48;637;101;375;161;1
2019;Williams;5,348;20;0;3;4;13;76;28;34;14;2
2019;Willits;4,937;16;0;2;6;8;92;28;51;13;2
2019;Windsor;27,981;58;0;8;8;42;257;30;212;15;0
2019;Winters;7,374;11;0;0;1;10;115;19;81;15;3
2019;Woodlake;7,682;28;0;4;2;22;88;14;61;13;0
2019;Woodland;61,176;224;3;18;44;159;1,488;231;1,062;195;52
2019;Yorba Linda;68,225;42;0;3;17;22;627;140;433;54;1
2019;Yountville;2,988;5;0;0;0;5;42;5;36;1;1
2019;Yreka;7,527;28;0;0;1;27;235;34;172;29;0
2019;Yuba City;67,164;241;3;28;52;158;1,823;230;1,334;259;7
2019;Yucaipa;53,964;200;3;14;31;152;641;172;365;104;0
2019;Yucca Valley;21,858;160;0;9;25;126;292;84;157;51;3
